module,contrast_id,model_a,model_b,metric,point_delta,ci_low,ci_high,p_unadjusted,p_two_sided,p_bh,q_value,rank_bh,reject_bh_q05,family_n,family_label
NaV,XGBoost_minus_ElasticNet,XGBoost,ElasticNet,r2,0.01250605545664718,-0.0009240650879410117,0.025660622608179487,0.06718656268746251,0.06718656268746251,0.08254349130173964,0.08254349130173964,14,False,18,6 modules x 3 predeclared revised-model R2 contrasts
NaV,MLP_minus_ElasticNet,MLP,ElasticNet,r2,-0.03839220069642546,-0.06050557071990107,-0.016688476632758503,0.0007998400319936012,0.0007998400319936012,0.0011074708135296017,0.0011074708135296017,13,True,18,6 modules x 3 predeclared revised-model R2 contrasts
NaV,MLP_minus_XGBoost,MLP,XGBoost,r2,-0.05089825615307264,-0.07108495663852929,-0.03152442014902407,0.0003999200159968006,0.0003999200159968006,0.0005998800239952009,0.0005998800239952009,9,True,18,6 modules x 3 predeclared revised-model R2 contrasts
Kv,XGBoost_minus_ElasticNet,XGBoost,ElasticNet,r2,-0.00013759322384154782,-0.014872245584531582,0.015498725517200064,0.9942011597680463,0.9942011597680463,0.9942011597680465,0.9942011597680465,18,False,18,6 modules x 3 predeclared revised-model R2 contrasts
Kv,MLP_minus_ElasticNet,MLP,ElasticNet,r2,-0.06108300523675503,-0.08964912700972492,-0.03332171938079046,0.0003999200159968006,0.0003999200159968006,0.0005998800239952009,0.0005998800239952009,7,True,18,6 modules x 3 predeclared revised-model R2 contrasts
Kv,MLP_minus_XGBoost,MLP,XGBoost,r2,-0.06094541201291348,-0.0867164065046943,-0.03670719470670863,0.0003999200159968006,0.0003999200159968006,0.0005998800239952009,0.0005998800239952009,8,True,18,6 modules x 3 predeclared revised-model R2 contrasts
CaV,XGBoost_minus_ElasticNet,XGBoost,ElasticNet,r2,0.011888175530036293,-0.0008001882996720356,0.024823941705128017,0.0687862427514497,0.0687862427514497,0.08254349130173964,0.08254349130173964,15,False,18,6 modules x 3 predeclared revised-model R2 contrasts
CaV,MLP_minus_ElasticNet,MLP,ElasticNet,r2,-0.058990871078334894,-0.08442177158233154,-0.03530024475455088,0.0003999200159968006,0.0003999200159968006,0.0005998800239952009,0.0005998800239952009,1,True,18,6 modules x 3 predeclared revised-model R2 contrasts
CaV,MLP_minus_XGBoost,MLP,XGBoost,r2,-0.07087904660837119,-0.09544556197546308,-0.04796356669228398,0.0003999200159968006,0.0003999200159968006,0.0005998800239952009,0.0005998800239952009,2,True,18,6 modules x 3 predeclared revised-model R2 contrasts
HCN,XGBoost_minus_ElasticNet,XGBoost,ElasticNet,r2,-0.006956741141104117,-0.01793987211866338,0.0037551702927098333,0.20675864827034593,0.20675864827034593,0.21892092169801333,0.21892092169801333,17,False,18,6 modules x 3 predeclared revised-model R2 contrasts
HCN,MLP_minus_ElasticNet,MLP,ElasticNet,r2,-0.053060152749724754,-0.07288138780693051,-0.03306907169050486,0.0003999200159968006,0.0003999200159968006,0.0005998800239952009,0.0005998800239952009,5,True,18,6 modules x 3 predeclared revised-model R2 contrasts
HCN,MLP_minus_XGBoost,MLP,XGBoost,r2,-0.04610341160862064,-0.06567250203769608,-0.026607691110388475,0.0003999200159968006,0.0003999200159968006,0.0005998800239952009,0.0005998800239952009,6,True,18,6 modules x 3 predeclared revised-model R2 contrasts
GABAA,XGBoost_minus_ElasticNet,XGBoost,ElasticNet,r2,0.06891770793235685,0.05224376743953342,0.08628457012548527,0.0003999200159968006,0.0003999200159968006,0.0005998800239952009,0.0005998800239952009,4,True,18,6 modules x 3 predeclared revised-model R2 contrasts
GABAA,MLP_minus_ElasticNet,MLP,ElasticNet,r2,0.0539950037580651,0.03017718066267093,0.07659190455483696,0.0003999200159968006,0.0003999200159968006,0.0005998800239952009,0.0005998800239952009,3,True,18,6 modules x 3 predeclared revised-model R2 contrasts
GABAA,MLP_minus_XGBoost,MLP,XGBoost,r2,-0.014922704174291757,-0.036946125800463775,0.005579613280448978,0.16156768646270747,0.16156768646270747,0.1817636472705459,0.1817636472705459,16,False,18,6 modules x 3 predeclared revised-model R2 contrasts
iGluR,XGBoost_minus_ElasticNet,XGBoost,ElasticNet,r2,0.03630586491740462,0.020679466712349697,0.052956966638689255,0.0003999200159968006,0.0003999200159968006,0.0005998800239952009,0.0005998800239952009,12,True,18,6 modules x 3 predeclared revised-model R2 contrasts
iGluR,MLP_minus_ElasticNet,MLP,ElasticNet,r2,-0.05203911771549885,-0.07938953373717784,-0.027757569623644042,0.0003999200159968006,0.0003999200159968006,0.0005998800239952009,0.0005998800239952009,10,True,18,6 modules x 3 predeclared revised-model R2 contrasts
iGluR,MLP_minus_XGBoost,MLP,XGBoost,r2,-0.08834498263290347,-0.1166338803611548,-0.06400371264848233,0.0003999200159968006,0.0003999200159968006,0.0005998800239952009,0.0005998800239952009,11,True,18,6 modules x 3 predeclared revised-model R2 contrasts
