module,model,metric,n_repeats,median,q1,q3,iqr,min,max,range,fraction_r2_gt0,primary_value,primary_position,interpretation
CaV,ElasticNet,r2,5,0.09747841621520659,0.09379985707705651,0.10245604766351757,0.008656190586461054,0.08261583997377764,0.10278763486930398,0.02017179489552634,1.0,0.093882516599217,within,descriptive five-repeat stability; not a confidence interval
CaV,ElasticNet,mae,5,0.6722927469811618,0.6699940161050773,0.6746349150095016,0.004640898904424318,0.6691887279446829,0.6771178214056388,0.007929093460955938,,0.6742327173987485,within,descriptive five-repeat stability; not a confidence interval
CaV,ElasticNet,rmse,5,0.9162258100345987,0.9136957098423604,0.9180911191587426,0.0043954093163822705,0.9135269171086354,0.9237391318939441,0.010212214785308649,,0.9180492461219504,within,descriptive five-repeat stability; not a confidence interval
CaV,ElasticNet,spearman,5,0.3771418802030214,0.36700564321248397,0.3813149712509626,0.01430932803847862,0.35827464941095183,0.3833767507545362,0.02510210134358437,,0.3606502722237253,within,descriptive five-repeat stability; not a confidence interval
CaV,MLP,r2,5,0.039832297303650455,0.03489164552088242,0.04238836345637664,0.007496717935494224,0.02865813021272079,0.04349426852349536,0.014836138310774571,1.0,0.0348916455208824,within,descriptive five-repeat stability; not a confidence interval
CaV,MLP,mae,5,0.6947563067285907,0.694161141055281,0.6962397799299338,0.0020786388746527606,0.6912856948927693,0.6967785347979989,0.005492839905229641,,0.6962397799299338,within,descriptive five-repeat stability; not a confidence interval
CaV,MLP,rmse,5,0.9450336438518756,0.9437749167199309,0.947461913009886,0.003686996289955169,0.9432297964773012,0.9505167577975399,0.00728696132023865,,0.947461913009886,within,descriptive five-repeat stability; not a confidence interval
CaV,MLP,spearman,5,0.3424139236453536,0.34146783423903826,0.34887851754194715,0.007410683302908894,0.3326286234405474,0.35419302067776265,0.02156439723721526,,0.3424139236453536,within,descriptive five-repeat stability; not a confidence interval
CaV,XGBoost,r2,5,0.10901402939332927,0.10181326665273871,0.11209251356041472,0.01027924690767601,0.10130762917259661,0.11281887937846113,0.01151125020586452,1.0,0.1057706921292533,within,descriptive five-repeat stability; not a confidence interval
CaV,XGBoost,mae,5,0.6617115784869032,0.6615056043212839,0.6625974079985096,0.0010918036772257222,0.6605189707873278,0.6659037037526077,0.005384732965279859,,0.6625658631570649,within,descriptive five-repeat stability; not a confidence interval
CaV,XGBoost,rmse,5,0.910351592158342,0.9087775337506511,0.9140228253765786,0.005245291625927573,0.9084057382628314,0.9142800654109213,0.005874327148089886,,0.912007002709577,within,descriptive five-repeat stability; not a confidence interval
CaV,XGBoost,spearman,5,0.3978249688903837,0.3930696337510926,0.4015378613507398,0.008468227599647216,0.3855018383207321,0.405598269398467,0.0200964310777349,,0.3948440616189685,within,descriptive five-repeat stability; not a confidence interval
GABAA,ElasticNet,r2,5,0.2586202589262978,0.25196271360868117,0.2595317026854117,0.007568989076730537,0.24921425726922475,0.26257300289125185,0.013358745622027102,1.0,0.2600982062567519,within,descriptive five-repeat stability; not a confidence interval
GABAA,ElasticNet,mae,5,0.5281302140430036,0.5267805171319778,0.530612817887974,0.0038323007559961653,0.525548129070855,0.5306508043206387,0.005102675249783695,,0.526475843113785,within,descriptive five-repeat stability; not a confidence interval
GABAA,ElasticNet,rmse,5,0.6831597392746322,0.6827396757516203,0.6862202504373438,0.003480574685723492,0.6813361363885899,0.6874797579299189,0.00614362154132897,,0.6824784569588248,within,descriptive five-repeat stability; not a confidence interval
GABAA,ElasticNet,spearman,5,0.5224085360286526,0.5188909467945619,0.5263374142076264,0.007446467413064428,0.518163203562163,0.5291538481842313,0.010990644622068224,,0.5275179027916339,within,descriptive five-repeat stability; not a confidence interval
GABAA,MLP,r2,5,0.31409321001481705,0.31087180462585307,0.3145736654203114,0.0037018607944583337,0.3061284654958668,0.31598759766051865,0.00985913216465184,1.0,0.314093210014817,within,descriptive five-repeat stability; not a confidence interval
GABAA,MLP,mae,5,0.5002316171163225,0.4982046518134882,0.5009556438801729,0.0027509920666846654,0.4976699749187997,0.5047000407572863,0.007030065838486532,,0.5009556438801729,within,descriptive five-repeat stability; not a confidence interval
GABAA,MLP,rmse,5,0.6571045251763306,0.6568743446830596,0.6586457844894406,0.0017714398063809478,0.656196478045189,0.6609086600716293,0.004712182026440304,,0.6571045251763306,within,descriptive five-repeat stability; not a confidence interval
GABAA,MLP,spearman,5,0.5668902929107884,0.5663453636783254,0.5687150153490904,0.0023696516707649717,0.5659677407181496,0.5736114913527194,0.00764375063456979,,0.5668902929107884,within,descriptive five-repeat stability; not a confidence interval
GABAA,XGBoost,r2,5,0.3290159141891088,0.32830192993601204,0.3313864761247238,0.0030845461887117898,0.3277209852994446,0.340380212190205,0.012659226890760378,1.0,0.3290159141891088,within,descriptive five-repeat stability; not a confidence interval
GABAA,XGBoost,mae,5,0.49366324957899216,0.4930123292071013,0.4936793020083708,0.0006669728012694831,0.48976437968944164,0.4938007881951241,0.004036408505682432,,0.4936632495789921,within,descriptive five-repeat stability; not a confidence interval
GABAA,XGBoost,rmse,5,0.6499171793147669,0.6487680968328706,0.650262871012421,0.001494774179550351,0.6443899295368702,0.6505440130148971,0.006154083478026817,,0.6499171793147669,within,descriptive five-repeat stability; not a confidence interval
GABAA,XGBoost,spearman,5,0.5736110820409849,0.5728775932322508,0.5753971100183805,0.0025195167861296053,0.5718218263486886,0.580847443741295,0.009025617392606433,,0.5736110820409849,within,descriptive five-repeat stability; not a confidence interval
HCN,ElasticNet,r2,5,0.060661006863186984,0.06025589745224069,0.06416297916912117,0.003907081716880478,0.05822446653134772,0.06560857677343923,0.007384110242091513,1.0,0.0637730432734408,within,descriptive five-repeat stability; not a confidence interval
HCN,ElasticNet,mae,5,0.904369469967014,0.901723570323465,0.9045686627030615,0.0028450923795965144,0.9016543468243549,0.9052638819937183,0.0036095351693634647,,0.9037794300232712,within,descriptive five-repeat stability; not a confidence interval
HCN,ElasticNet,rmse,5,1.1351939833706555,1.1330759354367574,1.1354387449514092,0.0023628095146517314,1.1322004598686,1.136665313012563,0.0044648531439630545,,1.133311970641295,within,descriptive five-repeat stability; not a confidence interval
HCN,ElasticNet,spearman,5,0.25284093865321494,0.2516845016020953,0.25787373506093275,0.006189233458837429,0.24727796070701932,0.26109813881506194,0.013820178108042619,,0.2564793264880158,within,descriptive five-repeat stability; not a confidence interval
HCN,MLP,r2,5,0.0129725620565031,0.011255505861453075,0.014652808811289275,0.0033973029498362006,0.010712890523715934,0.017421808923544946,0.006708918399829011,1.0,0.0107128905237159,below,descriptive five-repeat stability; not a confidence interval
HCN,MLP,mae,5,0.928006686445223,0.9263998108004596,0.9280404175941037,0.0016406067936440838,0.9229174857480997,0.9280513367553178,0.005133851007218082,,0.9263998108004596,within,descriptive five-repeat stability; not a confidence interval
HCN,MLP,rmse,5,1.163653065773089,1.1626621829309862,1.164664785111704,0.002002602180717794,1.1610273902879853,1.1649843207950272,0.003956930507041934,,1.1649843207950272,within,descriptive five-repeat stability; not a confidence interval
HCN,MLP,spearman,5,0.21356196360908078,0.2132189789448405,0.21847147259318717,0.005252493648346679,0.21190830543700953,0.22115150890152233,0.009243203464512795,,0.2211515089015223,within,descriptive five-repeat stability; not a confidence interval
HCN,XGBoost,r2,5,0.04603362983156134,0.044861236525749804,0.046868997030235726,0.0020077605044859226,0.03929855471074761,0.051952826235333815,0.012654271524586203,1.0,0.0568163021323365,above,descriptive five-repeat stability; not a confidence interval
HCN,XGBoost,mae,5,0.9107575044198554,0.9077903504618263,0.9129884792117703,0.005198128749943964,0.9076822957914381,0.916011635444611,0.00832933965317284,,0.9059352312453264,below,descriptive five-repeat stability; not a confidence interval
HCN,XGBoost,rmse,5,1.1439984544455504,1.1434974577028858,1.1447012068418438,0.0012037491389580435,1.14044377550658,1.1480297097613796,0.007585934254799698,,1.1375147796315144,below,descriptive five-repeat stability; not a confidence interval
HCN,XGBoost,spearman,5,0.23659581947789834,0.23640953172760024,0.238055112916931,0.0016455811893307526,0.22809397879665383,0.24242259531388882,0.014328616517234993,,0.2484422201555091,above,descriptive five-repeat stability; not a confidence interval
Kv,ElasticNet,r2,5,0.05199424070188796,0.04882537299508993,0.05402727322209788,0.0052019002270079495,0.04379851480481911,0.05888550718224839,0.015086992377429276,1.0,0.0460019836399219,within,descriptive five-repeat stability; not a confidence interval
Kv,ElasticNet,mae,5,0.41260816365519076,0.412255689958095,0.4129009570578696,0.0006452670997746379,0.4109270902525177,0.412975439972584,0.0020483497200662892,,0.4131647564248616,above,descriptive five-repeat stability; not a confidence interval
Kv,ElasticNet,rmse,5,0.537624370722164,0.5370475839007381,0.5385221707471519,0.0014745868464137724,0.5356667505745251,0.539943312184576,0.004276561610050966,,0.539320831209689,within,descriptive five-repeat stability; not a confidence interval
Kv,ElasticNet,spearman,5,0.23075991039520427,0.22532506163883292,0.2347699151341014,0.009444853495268468,0.22310703881555072,0.2396724821933575,0.01656544337780677,,0.2209101335110783,below,descriptive five-repeat stability; not a confidence interval
Kv,MLP,r2,5,0.00025439539520422105,-0.010716593954455123,0.0053714045731972915,0.016087998527652414,-0.01508102159683311,0.010935677553945089,0.0260166991507782,0.6,-0.0150810215968331,within,descriptive five-repeat stability; not a confidence interval
Kv,MLP,mae,5,0.4228272316589855,0.42176545381335606,0.42565411985669793,0.0038886660433418707,0.4200868148359882,0.4263353521050073,0.006248537269019083,,0.4263353521050073,within,descriptive five-repeat stability; not a confidence interval
Kv,MLP,rmse,5,0.5521005897671456,0.5506858658648834,0.5551216397848487,0.004435773919965302,0.5491433483807453,0.5563188984348352,0.007175550054089874,,0.5563188984348352,within,descriptive five-repeat stability; not a confidence interval
Kv,MLP,spearman,5,0.23123015246991002,0.21850498645277602,0.23417524902174577,0.01567026256896975,0.21756473101523519,0.24160847385481793,0.024043742839582743,,0.218504986452776,within,descriptive five-repeat stability; not a confidence interval
Kv,XGBoost,r2,5,0.05479424616517403,0.051909608789065476,0.05611966511054134,0.0042100563214758635,0.04980376716918089,0.06607353869739829,0.016269771528217403,1.0,0.0458643904160803,below,descriptive five-repeat stability; not a confidence interval
Kv,XGBoost,mae,5,0.40874253712157715,0.4084208009237136,0.409788531708103,0.0013677307843893982,0.4072341163898375,0.4104475174770642,0.0032134010872267305,,0.4100281631998673,within,descriptive five-repeat stability; not a confidence interval
Kv,XGBoost,rmse,5,0.5368298268353618,0.5364533087970176,0.5376483680254408,0.001195059228423223,0.5336171753958271,0.5382451330190452,0.004627957623218104,,0.5393597223892793,above,descriptive five-repeat stability; not a confidence interval
Kv,XGBoost,spearman,5,0.23811382198130623,0.2355363164024319,0.2422848935755591,0.006748577173127213,0.22812170572681603,0.2498205270969232,0.021698821370107174,,0.2263873103696068,below,descriptive five-repeat stability; not a confidence interval
NaV,ElasticNet,r2,5,0.1335620764003077,0.12903906621117056,0.13712837933086597,0.008089313119695407,0.12579029893797988,0.13730082482724704,0.011510525889267154,1.0,0.1207179427461737,below,descriptive five-repeat stability; not a confidence interval
NaV,ElasticNet,mae,5,0.6279475057816167,0.6273442541175875,0.6289333432588101,0.0015890891412225772,0.6269719502843689,0.6306528402478655,0.003680889963496581,,0.6326503908853293,above,descriptive five-repeat stability; not a confidence interval
NaV,ElasticNet,rmse,5,0.8142238786489319,0.8125464571590606,0.8163463326105199,0.0037998754514593225,0.8124652591133436,0.8178674402650935,0.005402181151749952,,0.8202367314753775,above,descriptive five-repeat stability; not a confidence interval
NaV,ElasticNet,spearman,5,0.3700373916518467,0.3637560248672939,0.3739160648435941,0.010160039976300161,0.36262184835268335,0.37576737555606954,0.013145527203386187,,0.3549217114004485,below,descriptive five-repeat stability; not a confidence interval
NaV,MLP,r2,5,0.09187361785488946,0.0823257420497483,0.09545408948947998,0.01312834743973168,0.07739882676767162,0.10072226791206673,0.023323441144395107,1.0,0.0823257420497483,within,descriptive five-repeat stability; not a confidence interval
NaV,MLP,mae,5,0.6439170114428262,0.6407080868591779,0.6463019769048691,0.005593890045691219,0.6396568256227185,0.6474669496042614,0.007810123981542905,,0.6463019769048691,within,descriptive five-repeat stability; not a confidence interval
NaV,MLP,rmse,5,0.8335818589233667,0.8319369535795134,0.8379524651364026,0.006015511556889286,0.8295107680325221,0.8401989018087036,0.010688133776181497,,0.8379524651364026,within,descriptive five-repeat stability; not a confidence interval
NaV,MLP,spearman,5,0.36157178935386247,0.34890469992543727,0.3642175481854194,0.015312848259982137,0.34605643390516627,0.3643898653132017,0.01833343140803545,,0.3460564339051662,below,descriptive five-repeat stability; not a confidence interval
NaV,XGBoost,r2,5,0.1400183669759959,0.13877727014040864,0.14237346484809754,0.0035961947076889045,0.13378731084673845,0.1442897650506706,0.010502454203932143,1.0,0.133223998202821,below,descriptive five-repeat stability; not a confidence interval
NaV,XGBoost,mae,5,0.6228632421570318,0.6228067037677519,0.6238693438232797,0.0010626400555278082,0.6217698417191316,0.6255765433859544,0.0038067016668227316,,0.6260624603009047,above,descriptive five-repeat stability; not a confidence interval
NaV,XGBoost,rmse,5,0.81118459828333,0.8100731042794026,0.8117697245413192,0.001696620261916637,0.809167575294429,0.8141180411852899,0.0049504658908609,,0.8143827154719359,above,descriptive five-repeat stability; not a confidence interval
NaV,XGBoost,spearman,5,0.38354916738005973,0.3804422756703351,0.3836620776489876,0.003219801978652459,0.37870592206629633,0.3841341654419781,0.005428243375681763,,0.3797500089180275,within,descriptive five-repeat stability; not a confidence interval
iGluR,ElasticNet,r2,5,0.25781405250450473,0.2548957896771952,0.2583187599269292,0.0034229702497340364,0.24576437768979753,0.2618279925146765,0.016063614824878947,1.0,0.258473551267158,within,descriptive five-repeat stability; not a confidence interval
iGluR,ElasticNet,mae,5,0.6124281501207166,0.6113397873238307,0.6131991975517794,0.0018594102279487768,0.6104747955846724,0.6153365997215595,0.004861804136887082,,0.6122387353689333,within,descriptive five-repeat stability; not a confidence interval
iGluR,ElasticNet,rmse,5,0.8612366263256898,0.8609437439006223,0.8629281492572256,0.0019844053566032693,0.8589045700015655,0.8681997321664322,0.0092951621648667,,0.8608538983019997,within,descriptive five-repeat stability; not a confidence interval
iGluR,ElasticNet,spearman,5,0.6012635218131211,0.5995849506007856,0.6014488550526188,0.0018639044518331538,0.5933190688017949,0.6030768713422878,0.009757802540492966,,0.6016288065520979,within,descriptive five-repeat stability; not a confidence interval
iGluR,MLP,r2,5,0.21389292948012306,0.20643443355165902,0.21495805308342808,0.008523619531769056,0.20614534377819793,0.22165138435250697,0.015506040574309043,1.0,0.206434433551659,within,descriptive five-repeat stability; not a confidence interval
iGluR,MLP,mae,5,0.6235866336437276,0.621765593223022,0.6248613168840345,0.003095723661012406,0.6171237146270282,0.6292542656784764,0.012130551051448224,,0.621765593223022,within,descriptive five-repeat stability; not a confidence interval
iGluR,MLP,rmse,5,0.8863535300682911,0.8857528510333939,0.8905484149689175,0.004795563935523606,0.8819687676164759,0.8907106101346833,0.008741842518207421,,0.8905484149689175,within,descriptive five-repeat stability; not a confidence interval
iGluR,MLP,spearman,5,0.5823898816848708,0.57954960840929,0.5844957257713054,0.004946117362015334,0.5758846009680806,0.5907746122803154,0.014890011312234774,,0.5823898816848708,within,descriptive five-repeat stability; not a confidence interval
iGluR,XGBoost,r2,5,0.2947794161845626,0.2939728220396186,0.29940221825596725,0.0054293962163486365,0.28361913414909345,0.30028174210013414,0.016662607951040687,1.0,0.2947794161845626,within,descriptive five-repeat stability; not a confidence interval
iGluR,XGBoost,mae,5,0.5806052950152771,0.5797280008057855,0.582961862226718,0.0032338614209325156,0.5792771917901585,0.5846869327331509,0.005409740942992403,,0.5806052950152771,within,descriptive five-repeat stability; not a confidence interval
iGluR,XGBoost,rmse,5,0.8395153037227558,0.836759219978807,0.8399952632086034,0.003236043229796426,0.836233825218682,0.8461319926355212,0.009898167416839243,,0.8395153037227558,within,descriptive five-repeat stability; not a confidence interval
iGluR,XGBoost,spearman,5,0.6306226817158138,0.6293766732707221,0.6314938152404311,0.0021171419697090244,0.6221793020676208,0.6343002384562931,0.012120936388672288,,0.6306226817158138,within,descriptive five-repeat stability; not a confidence interval
