module,model,n,status,reason,intercept,slope,prediction_sd,truth_sd,predicted_sd_ratio,prediction_range,truth_range,range_ratio
CaV,ElasticNet,3410,PASS,,0.0678072738668007,0.9846563466506841,0.30019935704416284,0.964578132754956,0.3112234736099147,2.29532806959522,6.565530738420667,0.34960282131697995
CaV,MLP,3410,PASS,,1.8136020002159305,0.5753702587832441,0.46429635495901334,0.964578132754956,0.48134654849879793,4.268265579495761,6.565530738420667,0.6501021394231549
CaV,XGBoost,3410,PASS,,0.5134404600783401,0.8792712145544561,0.3602117394532823,0.964578132754956,0.37343966986321,2.006969451904297,6.565530738420667,0.30568274399505313
GABAA,ElasticNet,3410,PASS,,-0.017950853604764148,1.0050679180220616,0.4026662323233449,0.7935341030958745,0.5074340608077117,2.649467031509827,5.164251972267748,0.5130398450225855
GABAA,MLP,3410,PASS,,0.4697566993743768,0.8598064873101992,0.5243009815453623,0.7935341030958745,0.6607163819423354,3.3284047040716205,5.164251972267748,0.6445085797411308
GABAA,XGBoost,3410,PASS,,-0.015581416516300626,1.0036110264705633,0.45354789860013595,0.7935341030958745,0.5715543879345265,2.4582855701446533,5.164251972267748,0.4760196797804892
HCN,ElasticNet,3410,PASS,,0.26429530635948134,0.9272482580840661,0.3200277142150243,1.1714468641055966,0.2731901241285634,3.1199739293053517,7.049419751790671,0.44258592042456063
HCN,MLP,3410,PASS,,1.6974873385808693,0.5331794624975333,0.4712328246594573,1.1714468641055966,0.40226564183023794,4.989957367614901,7.049419751790671,0.7078536309810985
HCN,XGBoost,3410,PASS,,0.765209193693879,0.7900695727018868,0.3666011642148298,1.1714468641055966,0.3129473264625886,2.4173009395599365,7.049419751790671,0.3429077888213284
Kv,ElasticNet,3410,PASS,,0.06283518586752801,0.9801951280345933,0.12088975565869672,0.5522518103689564,0.21890332161687426,1.0407795463137273,4.060027691160002,0.25634789353280574
Kv,MLP,3410,PASS,,1.6337945567889285,0.4654071606872789,0.25776354145293684,0.5522518103689564,0.46675001623032514,2.6411068691793886,4.060027691160002,0.6505144964725081
Kv,XGBoost,3410,PASS,,0.8039328955633587,0.7369750851557596,0.17179663472569195,0.5522518103689564,0.31108387786165076,1.359816074371338,4.060027691160002,0.33492778320997635
NaV,ElasticNet,3410,PASS,,0.14228560217225752,0.9627921480048971,0.31594906973570286,0.874860477051558,0.36114223698904513,2.84186363006327,5.96405027820856,0.4764989390593953
NaV,MLP,3410,PASS,,1.2734921864339641,0.6677203459355424,0.43341202042167004,0.874860477051558,0.4954070183652014,4.0777096452265,5.96405027820856,0.6837148338815371
NaV,XGBoost,3410,PASS,,0.34803624695066093,0.9099533290279618,0.3526693339991915,0.874860477051558,0.40311494604002746,2.508134603500366,5.96405027820856,0.4205421628762228
iGluR,ElasticNet,3410,PASS,,0.02672914243114934,0.9960236424543915,0.5103570036981706,0.999838409196598,0.5104394860248054,4.2429846444594475,7.329379736714813,0.5789009161587315
iGluR,MLP,3410,PASS,,1.6019865094556573,0.7438097368172597,0.650948175698105,0.999838409196598,0.6510533799368265,7.463017545712363,7.329379736714813,1.0182331675800782
iGluR,XGBoost,3410,PASS,,0.3200086419488008,0.948500113865797,0.5731892095449564,0.999838409196598,0.5732818466191274,3.110447406768799,7.329379736714813,0.4243807141261545
