feature_order,feature_key,display_name,classification,selected_primary,unit,meaning,source,missing_n,missing_fraction,upstream_center,upstream_scale,boundary_low_n,boundary_high_n,scaling_status
1,ap_1_threshold_v_short_square,short sq. AP1 thr. v,INTRINSIC_IPFX,True,mV,Voltage threshold of the first short-square action potential.,Allen IPFX feature table via official cplAE-TE data_proc_E.ipynb,11,0.0032248607446496,-41.423233770970455,6.8231362761427405,0.0,1.0,"Globally standardized upstream using central 1st-99th percentile mean/std, then clipped to [-6,6]; affine inverse available but boundary outliers are censored."
2,ap_1_peak_v_short_square,short sq. AP1 peak v,INTRINSIC_IPFX,True,mV,Peak voltage of the first short-square action potential.,Allen IPFX feature table via official cplAE-TE data_proc_E.ipynb,11,0.0032248607446496,26.008442833771056,10.637853908610182,0.0,0.0,"Globally standardized upstream using central 1st-99th percentile mean/std, then clipped to [-6,6]; affine inverse available but boundary outliers are censored."
3,ap_1_upstroke_short_square,short sq. AP1 upstroke,INTRINSIC_IPFX,True,V/s (equivalent mV/ms),Maximum rising-phase dV/dt of the first short-square action potential.,Allen IPFX feature table via official cplAE-TE data_proc_E.ipynb,11,0.0032248607446496,367.1732471970148,101.6880289677908,0.0,1.0,"Globally standardized upstream using central 1st-99th percentile mean/std, then clipped to [-6,6]; affine inverse available but boundary outliers are censored."
4,ap_1_downstroke_short_square,short sq. AP1 downstroke,INTRINSIC_IPFX,True,V/s (equivalent mV/ms),Maximum-magnitude falling-phase dV/dt of the first short-square action potential.,Allen IPFX feature table via official cplAE-TE data_proc_E.ipynb,11,0.0032248607446496,-169.44052900552333,67.93210033622282,2.0,0.0,"Globally standardized upstream using central 1st-99th percentile mean/std, then clipped to [-6,6]; affine inverse available but boundary outliers are censored."
5,ap_1_upstroke_downstroke_ratio_short_square,short sq. AP1 up-down ratio,INTRINSIC_IPFX,True,dimensionless,First short-square AP upstroke divided by downstroke magnitude.,Allen IPFX feature table via official cplAE-TE data_proc_E.ipynb,11,0.0032248607446496,2.2087573066261754,0.6132863869979148,1.0,2.0,"Globally standardized upstream using central 1st-99th percentile mean/std, then clipped to [-6,6]; affine inverse available but boundary outliers are censored."
6,ap_1_width_short_square,short sq. AP1 width,INTRINSIC_IPFX,True,s,Width of the first short-square action potential.,Allen IPFX feature table via official cplAE-TE data_proc_E.ipynb,14,0.0041043682204632,0.0005696565411235,0.0001625695243237,0.0,22.0,"Globally standardized upstream using central 1st-99th percentile mean/std, then clipped to [-6,6]; affine inverse available but boundary outliers are censored."
7,ap_1_fast_trough_v_short_square,short sq. AP1 fast trough v,INTRINSIC_IPFX,True,mV,Fast-trough voltage after the first short-square action potential.,Allen IPFX feature table via official cplAE-TE data_proc_E.ipynb,14,0.0041043682204632,-55.52080115492234,6.447177384305909,1.0,2.0,"Globally standardized upstream using central 1st-99th percentile mean/std, then clipped to [-6,6]; affine inverse available but boundary outliers are censored."
8,short_square_current,short sq. current,INTRINSIC_IPFX,True,pA,Current amplitude of the selected short-square sweep.,Allen IPFX feature table via official cplAE-TE data_proc_E.ipynb,11,0.0032248607446496,504.3919884254585,180.5899738881418,0.0,2.0,"Globally standardized upstream using central 1st-99th percentile mean/std, then clipped to [-6,6]; affine inverse available but boundary outliers are censored."
9,input_resistance,input resistance,INTRINSIC_IPFX,True,MΩ,Membrane input resistance estimated from subthreshold responses.,Allen IPFX feature table via official cplAE-TE data_proc_E.ipynb,11,0.0032248607446496,198.2331941371598,78.81389197697759,0.0,3.0,"Globally standardized upstream using central 1st-99th percentile mean/std, then clipped to [-6,6]; affine inverse available but boundary outliers are censored."
10,tau,tau,INTRINSIC_IPFX,True,s,Membrane time constant from subthreshold response fitting.,Allen IPFX feature table via official cplAE-TE data_proc_E.ipynb,12,0.0035180299032541,0.0156604262247865,0.008248728661572,0.0,5.0,"Globally standardized upstream using central 1st-99th percentile mean/std, then clipped to [-6,6]; affine inverse available but boundary outliers are censored."
11,v_baseline,v baseline,INTRINSIC_IPFX,True,mV,Baseline membrane voltage before stimulation.,Allen IPFX feature table via official cplAE-TE data_proc_E.ipynb,11,0.0032248607446496,-68.27701937272339,5.848367339316675,0.0,0.0,"Globally standardized upstream using central 1st-99th percentile mean/std, then clipped to [-6,6]; affine inverse available but boundary outliers are censored."
12,sag_nearest_minus_100,sag nearest minus 100,INTRINSIC_IPFX,True,dimensionless,Sag response ratio/value from the sweep nearest -100 pA.,Allen IPFX feature table via official cplAE-TE data_proc_E.ipynb,11,0.0032248607446496,0.0761930677260798,0.0598437796222195,2.0,8.0,"Globally standardized upstream using central 1st-99th percentile mean/std, then clipped to [-6,6]; affine inverse available but boundary outliers are censored."
13,sag_measured_at,sag measured at,INTRINSIC_IPFX,True,mV,Voltage at which sag was measured.,Allen IPFX feature table via official cplAE-TE data_proc_E.ipynb,11,0.0032248607446496,-88.87743427143806,7.884782731806701,0.0,0.0,"Globally standardized upstream using central 1st-99th percentile mean/std, then clipped to [-6,6]; affine inverse available but boundary outliers are censored."
14,rheobase_i,rheobase i,INTRINSIC_IPFX,True,pA,Minimum long-square current eliciting an action potential.,Allen IPFX feature table via official cplAE-TE data_proc_E.ipynb,11,0.0032248607446496,120.57155661786676,88.21119714029065,0.0,0.0,"Globally standardized upstream using central 1st-99th percentile mean/std, then clipped to [-6,6]; affine inverse available but boundary outliers are censored."
15,ap_1_threshold_v_0_long_square,long sq. AP1 threshold v,INTRINSIC_IPFX,True,mV,Threshold voltage of the first AP in the rheobase/first spiking long-square sweep.,Allen IPFX feature table via official cplAE-TE data_proc_E.ipynb,11,0.0032248607446496,-35.40592116096011,5.936920961926816,1.0,0.0,"Globally standardized upstream using central 1st-99th percentile mean/std, then clipped to [-6,6]; affine inverse available but boundary outliers are censored."
16,ap_1_peak_v_0_long_square,long sq. AP1 peak v,INTRINSIC_IPFX,True,mV,Peak voltage of that first long-square action potential.,Allen IPFX feature table via official cplAE-TE data_proc_E.ipynb,11,0.0032248607446496,26.944593198474028,10.067487599353203,0.0,0.0,"Globally standardized upstream using central 1st-99th percentile mean/std, then clipped to [-6,6]; affine inverse available but boundary outliers are censored."
17,ap_1_upstroke_0_long_square,long sq. AP1 upstroke,INTRINSIC_IPFX,True,V/s (equivalent mV/ms),Maximum rising-phase dV/dt of that first long-square action potential.,Allen IPFX feature table via official cplAE-TE data_proc_E.ipynb,11,0.0032248607446496,305.0428301218498,75.0436146661909,0.0,0.0,"Globally standardized upstream using central 1st-99th percentile mean/std, then clipped to [-6,6]; affine inverse available but boundary outliers are censored."
18,ap_1_downstroke_0_long_square,long sq. AP1 downstroke,INTRINSIC_IPFX,True,V/s (equivalent mV/ms),Maximum-magnitude falling-phase dV/dt of that first long-square action potential.,Allen IPFX feature table via official cplAE-TE data_proc_E.ipynb,11,0.0032248607446496,-144.90151882944514,61.32654028306587,0.0,0.0,"Globally standardized upstream using central 1st-99th percentile mean/std, then clipped to [-6,6]; affine inverse available but boundary outliers are censored."
19,ap_1_upstroke_downstroke_ratio_0_long_square,long sq. AP1 up-down ratio,INTRINSIC_IPFX,True,dimensionless,That AP's upstroke divided by downstroke magnitude.,Allen IPFX feature table via official cplAE-TE data_proc_E.ipynb,11,0.0032248607446496,2.377438582698152,0.833929615122998,0.0,3.0,"Globally standardized upstream using central 1st-99th percentile mean/std, then clipped to [-6,6]; affine inverse available but boundary outliers are censored."
20,ap_1_width_0_long_square,long sq. AP1 width,INTRINSIC_IPFX,True,s,Width of that first long-square action potential.,Allen IPFX feature table via official cplAE-TE data_proc_E.ipynb,12,0.0035180299032541,0.000642364317841,0.0002141095589984,0.0,3.0,"Globally standardized upstream using central 1st-99th percentile mean/std, then clipped to [-6,6]; affine inverse available but boundary outliers are censored."
21,ap_1_fast_trough_v_0_long_square,long sq. AP1 fast trough v,INTRINSIC_IPFX,True,mV,Fast-trough voltage after that first long-square action potential.,Allen IPFX feature table via official cplAE-TE data_proc_E.ipynb,12,0.0035180299032541,-51.00737031291319,6.583745098919691,0.0,1.0,"Globally standardized upstream using central 1st-99th percentile mean/std, then clipped to [-6,6]; affine inverse available but boundary outliers are censored."
22,avg_rate_0_long_square,long sq. avg. rate,INTRINSIC_IPFX,True,Hz,Average firing rate in the first/rheobase long-square spiking sweep.,Allen IPFX feature table via official cplAE-TE data_proc_E.ipynb,11,0.0032248607446496,2.779328779328779,3.6952132435982863,0.0,53.0,"Globally standardized upstream using central 1st-99th percentile mean/std, then clipped to [-6,6]; affine inverse available but boundary outliers are censored."
23,latency_0_long_square,long sq. latency,INTRINSIC_IPFX,True,s,Latency from stimulus onset to first AP in that long-square sweep.,Allen IPFX feature table via official cplAE-TE data_proc_E.ipynb,11,0.0032248607446496,0.1263262361236123,0.1348933781165447,0.0,20.0,"Globally standardized upstream using central 1st-99th percentile mean/std, then clipped to [-6,6]; affine inverse available but boundary outliers are censored."
