group_id,n_cells
331294.0,1
331657.0,1
331660.0,1
331663.0,4
336139.0,2
336703.0,2
337416.0,2
337417.0,1
341889.0,1
341890.0,1
341891.0,1
342915.0,1
344090.0,1
346778.0,2
346780.0,2
346782.0,4
346783.0,3
346784.0,3
346909.0,2
347064.0,1
347157.0,3
347159.0,3
347203.0,2
347204.0,2
347205.0,2
347579.0,1
347843.0,2
348725.0,1
348727.0,2
348997.0,4
349020.0,4
349028.0,1
350672.0,1
350674.0,6
350675.0,3
350676.0,3
350938.0,1
351067.0,4
351070.0,1
351458.0,4
351462.0,4
351470.0,5
351471.0,4
351472.0,4
351473.0,3
351990.0,2
352686.0,4
352688.0,1
352690.0,1
353427.0,2
353430.0,1
353543.0,5
353653.0,1
353735.0,1
353737.0,3
353740.0,1
353884.0,1
353887.0,2
354376.0,3
354378.0,2
354751.0,3
354752.0,2
354958.0,3
354959.0,7
355016.0,4
355060.0,1
355066.0,1
355068.0,1
355222.0,1
355223.0,1
355226.0,1
355228.0,2
355230.0,4
355295.0,2
355298.0,2
355475.0,1
355476.0,1
355477.0,1
355478.0,2
355585.0,1
355586.0,2
355591.0,2
356148.0,2
356149.0,2
357010.0,1
357671.0,3
357929.0,1
357930.0,4
357931.0,1
357932.0,2
357944.0,2
357945.0,5
357946.0,6
358733.0,5
358735.0,7
358736.0,5
358881.0,1
358882.0,4
358897.0,1
358898.0,5
359332.0,1
359335.0,1
359337.0,2
359342.0,3
359343.0,1
359503.0,1
359509.0,1
359786.0,1
359788.0,1
360215.0,2
360542.0,1
361253.0,2
361703.0,3
361705.0,4
361706.0,2
362149.0,9
362150.0,1
362355.0,1
362357.0,1
362806.0,1
362809.0,2
362810.0,2
362995.0,1
363501.0,3
363633.0,2
363788.0,6
363946.0,3
363949.0,3
363957.0,2
363961.0,1
363967.0,2
363968.0,3
363969.0,2
363973.0,3
364380.0,2
364381.0,1
364558.0,1
364559.0,3
365757.0,4
365769.0,2
366034.0,1
366183.0,1
366659.0,2
366660.0,2
366688.0,5
366689.0,4
367169.0,1
367171.0,1
367172.0,1
367205.0,1
367206.0,3
367208.0,1
367630.0,1
367631.0,2
367632.0,7
367633.0,2
367634.0,2
367714.0,2
367940.0,2
367956.0,2
368545.0,7
368549.0,5
368553.0,1
368658.0,2
368761.0,4
368770.0,1
368771.0,2
368792.0,1
368853.0,2
368860.0,3
368861.0,4
368862.0,3
368863.0,7
368864.0,2
368865.0,2
370041.0,6
370361.0,2
370362.0,4
370501.0,1
370680.0,1
370683.0,2
370735.0,1
370736.0,2
370739.0,1
372260.0,1
372433.0,1
372437.0,2
372438.0,1
372545.0,7
372546.0,1
372548.0,4
372549.0,4
372685.0,1
372795.0,2
373524.0,1
373623.0,3
373625.0,1
373812.0,2
374536.0,4
374537.0,6
374736.0,4
374738.0,3
374836.0,3
374837.0,2
374839.0,1
374840.0,1
375845.0,1
376066.0,6
376198.0,2
376201.0,4
376202.0,1
376203.0,1
376204.0,4
376205.0,3
376206.0,7
376837.0,3
376967.0,4
376970.0,1
377300.0,1
377304.0,1
377310.0,1
377313.0,4
377316.0,2
377369.0,2
377372.0,3
378108.0,2
378110.0,2
378262.0,2
378386.0,2
378388.0,3
378389.0,3
378390.0,1
378475.0,1
379134.0,2
379136.0,7
379152.0,1
379153.0,1
379154.0,1
379843.0,1
379844.0,2
379845.0,1
379866.0,1
379873.0,2
379874.0,3
379882.0,8
380156.0,3
380160.0,2
380161.0,1
380351.0,3
380655.0,4
381042.0,3
381045.0,4
381047.0,2
381048.0,1
381164.0,2
381578.0,3
381580.0,7
381810.0,2
381812.0,1
381886.0,4
381889.0,1
381891.0,2
381904.0,2
382260.0,5
382261.0,1
382262.0,3
382382.0,1
382500.0,2
382501.0,3
382502.0,1
382539.0,2
382542.0,5
382543.0,4
382544.0,4
382695.0,3
382769.0,3
382770.0,2
383084.0,1
383085.0,1
383086.0,5
383357.0,1
383358.0,2
383626.0,1
383628.0,2
383629.0,3
383745.0,10
384210.0,5
384211.0,10
384390.0,1
384391.0,1
384591.0,2
384679.0,2
384859.0,1
384861.0,1
384990.0,1
385205.0,1
385740.0,1
385743.0,2
385813.0,4
385815.0,7
385817.0,1
385997.0,4
385998.0,1
385999.0,3
386058.0,8
386167.0,2
386169.0,2
386474.0,5
386476.0,7
386478.0,3
386651.0,4
387145.0,1
387146.0,6
387150.0,5
387320.0,7
387401.0,3
387577.0,4
387578.0,3
387579.0,6
387600.0,2
387602.0,4
387691.0,4
388042.0,5
388049.0,2
388062.0,9
388544.0,4
389210.0,2
389352.0,6
389353.0,4
389356.0,5
389359.0,1
389709.0,10
389710.0,2
389711.0,1
389956.0,6
390084.0,4
390085.0,3
390091.0,1
390255.0,5
390749.0,1
390755.0,6
390757.0,1
390758.0,2
390760.0,3
390928.0,5
390981.0,3
390983.0,3
391339.0,5
391341.0,4
391467.0,3
391571.0,3
391572.0,5
391574.0,3
391678.0,4
391834.0,5
391836.0,1
391840.0,1
391841.0,7
392332.0,3
392333.0,1
392608.0,3
392647.0,2
392696.0,8
392697.0,7
392698.0,6
392699.0,11
392700.0,9
392701.0,6
392703.0,5
393685.0,2
393686.0,5
393687.0,4
393692.0,8
393920.0,1
393922.0,10
393923.0,15
393924.0,7
394299.0,16
394301.0,9
394303.0,12
394428.0,4
394486.0,1
394566.0,1
394569.0,1
394570.0,2
395303.0,2
395306.0,1
395420.0,5
395721.0,4
395722.0,4
395723.0,7
395724.0,9
395797.0,1
395954.0,8
396257.0,4
396260.0,3
396261.0,5
396262.0,2
396625.0,2
396735.0,2
396798.0,2
396817.0,10
397195.0,4
397196.0,2
397198.0,8
397199.0,3
397651.0,6
397653.0,2
397654.0,7
397655.0,7
397999.0,4
398004.0,5
398005.0,1
398012.0,9
398013.0,5
398605.0,1
398635.0,5
398636.0,3
398664.0,7
399697.0,2
399698.0,7
399825.0,1
400429.0,2
400485.0,4
400563.0,5
400565.0,4
400569.0,4
400570.0,10
400679.0,11
400683.0,4
400685.0,12
400687.0,14
400688.0,4
401243.0,9
401559.0,2
401561.0,1
401609.0,1
402241.0,1
402243.0,1
402245.0,1
402247.0,3
402271.0,7
402666.0,16
402667.0,6
402685.0,1
402758.0,4
402909.0,9
403169.0,9
403276.0,1
403443.0,2
403529.0,2
403559.0,1
403560.0,11
403931.0,2
404366.0,2
404370.0,6
404371.0,8
404479.0,2
404779.0,5
404781.0,3
404782.0,2
404849.0,11
405111.0,7
405113.0,2
405114.0,6
405115.0,1
405118.0,7
406293.0,5
406294.0,10
406386.0,4
406388.0,6
406389.0,2
406460.0,4
406655.0,3
406663.0,2
406664.0,5
406666.0,2
406667.0,2
407127.0,6
407131.0,2
407228.0,1
407231.0,5
407232.0,1
407235.0,6
407477.0,1
407479.0,7
407481.0,1
407562.0,6
407629.0,2
407646.0,6
407649.0,2
407653.0,3
407654.0,3
407698.0,2
407830.0,6
408345.0,3
408346.0,11
408415.0,12
408417.0,10
408419.0,21
408421.0,14
408755.0,6
408759.0,3
408760.0,3
408761.0,5
408887.0,1
408888.0,2
408889.0,4
408890.0,5
408892.0,2
408893.0,6
408894.0,5
408895.0,10
409200.0,5
409269.0,10
409272.0,4
409345.0,7
409347.0,2
409679.0,11
409684.0,8
409821.0,6
409822.0,6
410065.0,1
410166.0,12
410169.0,2
410669.0,12
410815.0,4
411027.0,12
411031.0,3
411033.0,3
411117.0,10
411118.0,8
411120.0,7
411241.0,5
411293.0,5
411498.0,7
411627.0,4
411962.0,5
412161.0,7
412162.0,3
412165.0,11
412356.0,6
412517.0,3
412518.0,4
412526.0,1
412554.0,15
412555.0,4
412556.0,1
412557.0,8
412558.0,16
412560.0,18
412562.0,16
412856.0,10
412858.0,4
412860.0,6
413064.0,2
413068.0,3
413072.0,8
413266.0,7
413268.0,4
413503.0,4
413509.0,1
413970.0,3
413971.0,5
413974.0,8
414132.0,20
415022.0,7
415064.0,2
415065.0,3
415068.0,3
415181.0,2
415350.0,8
415421.0,3
415796.0,5
416120.0,4
416125.0,11
416131.0,14
416132.0,12
416134.0,2
416135.0,14
416483.0,2
416484.0,7
416722.0,2
416864.0,4
416870.0,3
416871.0,5
416938.0,7
417227.0,5
417228.0,3
417229.0,3
417268.0,5
417321.0,2
417322.0,7
417327.0,5
417331.0,2
417710.0,6
417711.0,6
417712.0,4
418120.0,2
418125.0,6
418126.0,6
418127.0,5
418222.0,7
418225.0,7
418227.0,4
418813.0,4
418814.0,7
418815.0,2
418816.0,2
419284.0,5
419287.0,2
419291.0,8
419797.0,10
419907.0,7
419911.0,9
419991.0,2
420772.0,1
420776.0,2
420778.0,1
421030.0,9
421031.0,6
421368.0,2
421489.0,8
421493.0,3
421750.0,2
421751.0,7
421976.0,1
422067.0,2
422068.0,3
422070.0,5
422072.0,3
422075.0,5
422365.0,1
422368.0,1
422369.0,2
422598.0,6
423844.0,5
424091.0,2
424092.0,2
424615.0,1
424616.0,1
424963.0,6
424966.0,1
425123.0,2
425128.0,5
425899.0,5
425903.0,3
426167.0,3
426169.0,1
426641.0,1
426642.0,6
426645.0,12
426687.0,4
426688.0,1
427056.0,2
427597.0,3
427600.0,1
427894.0,6
429524.0,1
429613.0,1
429748.0,8
429750.0,8
429752.0,1
429754.0,1
429756.0,11
430206.0,1
430947.0,1
431133.0,4
431135.0,9
431562.0,8
432548.0,7
433538.0,6
433542.0,6
433569.0,3
433574.0,4
434034.0,7
434336.0,7
434588.0,5
434644.0,8
434645.0,7
434646.0,9
434647.0,12
434648.0,3
434653.0,3
434760.0,5
435566.0,5
435570.0,1
435635.0,3
435637.0,1
436102.0,6
436104.0,7
436143.0,5
436148.0,8
436174.0,4
436293.0,5
436295.0,3
436296.0,7
437007.0,9
437074.0,3
437077.0,3
437116.0,4
437559.0,6
437683.0,10
437762.0,6
438714.0,6
439425.0,8
439426.0,5
439427.0,2
439428.0,6
439904.0,7
439925.0,1
440449.0,9
440450.0,4
440451.0,1
440452.0,2
440916.0,1
440917.0,4
441829.0,4
442360.0,1
442606.0,7
442765.0,9
442767.0,3
442768.0,6
442769.0,7
442770.0,9
442794.0,2
442796.0,2
442797.0,4
443337.0,6
443338.0,5
444161.0,7
444843.0,1
444912.0,2
444913.0,1
445149.0,4
445151.0,3
445308.0,7
445517.0,5
445518.0,6
445680.0,4
445683.0,6
445685.0,2
445711.0,7
445712.0,2
445805.0,3
445996.0,4
446294.0,3
446681.0,7
447290.0,7
448130.0,3
448132.0,5
448133.0,6
448414.0,2
448829.0,7
448830.0,10
448831.0,3
449330.0,1
449335.0,1
449585.0,5
449853.0,5
449854.0,4
449860.0,5
449977.0,1
449978.0,6
449979.0,8
451115.0,8
451117.0,6
451119.0,8
451336.0,3
451764.0,3
451765.0,6
451767.0,1
451768.0,6
451770.0,3
452641.0,5
452643.0,3
452729.0,2
452731.0,5
452732.0,2
452733.0,2
452734.0,4
452735.0,1
452866.0,7
453051.0,3
453077.0,6
453251.0,3
453368.0,10
453372.0,4
453902.0,5
454282.0,6
454284.0,10
454285.0,10
454977.0,5
454978.0,4
455016.0,2
455018.0,3
455917.0,6
455920.0,7
455994.0,3
456104.0,6
456105.0,2
456107.0,6
456109.0,7
456110.0,5
456490.0,4
457150.0,1
457299.0,1
457304.0,3
458607.0,1
459713.0,5
460304.0,4
460308.0,7
460309.0,10
460310.0,4
460584.0,7
460585.0,4
460694.0,1
460695.0,4
460696.0,8
460700.0,7
461574.0,3
461933.0,7
462276.0,1
462280.0,1
462281.0,1
463219.0,2
463221.0,2
463402.0,2
463471.0,2
463588.0,1
463831.0,2
465338.0,4
465339.0,5
465341.0,5
465343.0,1
465344.0,5
465348.0,2
468415.0,2
468417.0,2
468435.0,4
468437.0,4
469302.0,1
469304.0,2
470194.0,6
470195.0,3
470196.0,8
470303.0,12
470550.0,1
470551.0,3
470552.0,2
470557.0,3
471157.0,7
471296.0,2
471960.0,1
472419.0,3
472421.0,1
472422.0,1
473098.0,1
473099.0,4
473603.0,1
473797.0,2
473972.0,1
474663.0,3
474665.0,2
474670.0,1
474772.0,2
476712.0,1
477022.0,6
477850.0,1
478338.0,1
479903.0,2
