analysis_subclass,subclass,module,model,analysis,n,n_donors,r2,mae,rmse,spearman,r2_ci_low,mae_ci_low,rmse_ci_low,spearman_ci_low,r2_ci_high,mae_ci_high,rmse_ci_high,spearman_ci_high,r2_descriptive_support,inference_scope
Lamp5,Lamp5,CaV,ElasticNet,within_subclass,385,171,-0.017490876218877238,0.688455220056186,0.956996981180556,-0.12047808119954038,-0.04021504044672847,0.6201234826290497,0.8440490440497695,-0.2303468853110281,-0.006002267281695701,0.764374747292811,1.0743527239712436,-0.003592870939218167,False,unadjusted descriptive donor-cluster CI
Lamp5,Lamp5,CaV,XGBoost,within_subclass,385,171,-0.2876679783435978,0.7832798186435365,1.0765823460300514,-0.09756661732050333,-0.41346077472505943,0.7067580491858876,0.9635322091885896,-0.1929217943937471,-0.19261869218592273,0.86761262860518,1.1939299847055636,-0.0011707935696329231,False,unadjusted descriptive donor-cluster CI
Lamp5,Lamp5,GABAA,ElasticNet,within_subclass,385,171,-0.07632683114288841,0.45343603701477725,0.6382069988254081,0.04385471223112265,-0.1443131568120161,0.40995996683571395,0.5594752190287366,-0.048543844209412476,-0.024053948779645572,0.5021356662496684,0.720647344416493,0.13368616067171274,False,unadjusted descriptive donor-cluster CI
Lamp5,Lamp5,GABAA,XGBoost,within_subclass,385,171,-0.1571458231807903,0.4780023166511011,0.6617341156094055,0.08642482840993203,-0.258074014083891,0.43221001495596234,0.5801209469543456,-0.017870590033171364,-0.07761391789051073,0.5284704395386602,0.747097908080206,0.18359262509508179,False,unadjusted descriptive donor-cluster CI
Lamp5,Lamp5,HCN,ElasticNet,within_subclass,385,171,0.021995828659654437,0.8664060514299462,1.0925324731348742,0.15475601181280305,-0.01039982782744363,0.8001548757920387,1.0123389492230097,0.066269193996925,0.047538120646601296,0.929846440091234,1.1698702630667144,0.24604758166778062,False,unadjusted descriptive donor-cluster CI
Lamp5,Lamp5,HCN,XGBoost,within_subclass,385,171,-0.04258018584621093,0.8997478124813728,1.1280250242359142,0.15951336552048986,-0.15039830867852194,0.8322225784547734,1.0422353944549005,0.052775953386586784,0.05210184766801427,0.9671082421131609,1.2090371508975382,0.2649639163823451,False,unadjusted descriptive donor-cluster CI
Lamp5,Lamp5,Kv,ElasticNet,within_subclass,385,171,-0.021615191464533945,0.49625675420716364,0.6353674854091748,0.06846065204225826,-0.08271409669472153,0.45466315734721047,0.586136122705206,-0.03681983445525904,0.02540708470495535,0.5404891655594894,0.6857328257427601,0.17500528221105607,False,unadjusted descriptive donor-cluster CI
Lamp5,Lamp5,Kv,XGBoost,within_subclass,385,171,-0.14345736120744013,0.5188219053021138,0.6721888471862781,0.055432003229930686,-0.2551092695184901,0.4726464570894429,0.6151419963359854,-0.05907755873973834,-0.05163912739456629,0.5672628726349037,0.7286881848883374,0.16739510582012057,False,unadjusted descriptive donor-cluster CI
Lamp5,Lamp5,NaV,ElasticNet,within_subclass,385,171,0.025420080437708492,0.5865668186501632,0.7456634413534408,0.17420513424399434,-0.036673102858750486,0.5389032700776929,0.6854116097209807,0.06628817635978865,0.07795950771707204,0.6380769381170555,0.8082625283016207,0.27917748125001496,False,unadjusted descriptive donor-cluster CI
Lamp5,Lamp5,NaV,XGBoost,within_subclass,385,171,-0.05354956193638949,0.6061664119013244,0.7752854024398407,0.14637684206984725,-0.14394792863321004,0.5546333140824724,0.7106600049896559,0.04212216355597744,0.025020109067980873,0.6622346509560605,0.8413610140156838,0.24839863473635249,False,unadjusted descriptive donor-cluster CI
Lamp5,Lamp5,iGluR,ElasticNet,within_subclass,385,171,0.018153828582231912,0.6560341896517476,0.9448177526487416,0.0719187528527488,-0.045502785711204544,0.5866448540966333,0.8081415613556118,-0.043353219496048624,0.0708523364945309,0.733651461893951,1.0879761160582204,0.19010397984250638,False,unadjusted descriptive donor-cluster CI
Lamp5,Lamp5,iGluR,XGBoost,within_subclass,385,171,-0.12481217944941769,0.6986151622880127,1.0112681387676141,0.11159494650427293,-0.29056243371604745,0.6245743045372095,0.8698052177686849,0.005153612653925756,-0.00674364899190839,0.7828756757285061,1.1541905562756813,0.21490924366669692,False,unadjusted descriptive donor-cluster CI
Pvalb,Pvalb,CaV,ElasticNet,within_subclass,722,302,-0.019176587284020163,0.5514082513764814,0.7469943305971166,0.02600010450347131,-0.04276561719207731,0.5120365970893181,0.6845339898836118,-0.04554261868827197,-0.002379941207429506,0.5940415534034639,0.8142631986325393,0.09784227219814007,False,unadjusted descriptive donor-cluster CI
Pvalb,Pvalb,CaV,XGBoost,within_subclass,722,302,-0.12811416417152666,0.5829618162656106,0.7859033002974122,0.001096150137512568,-0.1902976934926735,0.543871794889545,0.7251458608827316,-0.07334125634740801,-0.07688784052290346,0.6259632820282703,0.8499681007534611,0.07527034471050494,False,unadjusted descriptive donor-cluster CI
Pvalb,Pvalb,GABAA,ElasticNet,within_subclass,722,302,0.04207854520171972,0.3683460380804838,0.5015321334059204,0.18875407572993122,0.01676872371519028,0.3443631698798572,0.4610157108284656,0.10989969870650886,0.06729392484423319,0.39528847599534134,0.5452264793315506,0.2685983794757317,True,unadjusted descriptive donor-cluster CI
Pvalb,Pvalb,GABAA,XGBoost,within_subclass,722,302,0.017185399101803833,0.37983129765693296,0.508006902700589,0.185383827351228,-0.05594996456096394,0.3570578425503728,0.47119852169272264,0.10654987351144757,0.08160350982868723,0.40575296699035884,0.5498451380268842,0.26391465108073525,False,unadjusted descriptive donor-cluster CI
Pvalb,Pvalb,HCN,ElasticNet,within_subclass,722,302,-0.03383480923071591,0.7597382041673385,0.9494462286976202,-0.029663827995634204,-0.06119621558169647,0.7182257265942855,0.8986987780470486,-0.10282612769198239,-0.011301398709262691,0.8037265909969354,1.0045401435459131,0.04546180976633172,False,unadjusted descriptive donor-cluster CI
Pvalb,Pvalb,HCN,XGBoost,within_subclass,722,302,-0.11369927595806684,0.7872262602954107,0.9854367786025044,-0.00701944844305318,-0.16417248213525637,0.7426901797910278,0.929564252706711,-0.07396723738020707,-0.06812118072412099,0.8324089915672497,1.0418321367936532,0.06351028455048963,False,unadjusted descriptive donor-cluster CI
Pvalb,Pvalb,Kv,ElasticNet,within_subclass,722,302,0.0004888201007872128,0.33805311200486504,0.43855189019847884,0.054711799830027455,-0.03019287362902833,0.3160125680205935,0.4065741520136375,-0.01845019796869147,0.027343918156562595,0.3610764655650505,0.47345800803357435,0.13030091591199774,False,unadjusted descriptive donor-cluster CI
Pvalb,Pvalb,Kv,XGBoost,within_subclass,722,302,-0.04695691236000865,0.3460227539018155,0.44884001001512386,0.10366219107497943,-0.10794276499884135,0.32343989017513913,0.4173245093777032,0.029878257855926717,0.006802026650032917,0.36944347695878227,0.4834777367449317,0.1787503957237121,False,unadjusted descriptive donor-cluster CI
Pvalb,Pvalb,NaV,ElasticNet,within_subclass,722,302,-0.017946722253181946,0.5789310144764627,0.7476837651037248,0.07901356722333334,-0.07631751154180494,0.5456905686224266,0.6989948479322541,0.005590900712492971,0.022463787419553502,0.616537485140303,0.800904488424835,0.15281026707134274,False,unadjusted descriptive donor-cluster CI
Pvalb,Pvalb,NaV,XGBoost,within_subclass,722,302,-0.07092517681917654,0.596817893429948,0.7668933835315591,0.07158052179195223,-0.1365130675790477,0.5614368529300995,0.7143105091982268,-0.004778102720307286,-0.013332549431604796,0.6347050425654608,0.8228305705787198,0.14565253099009512,False,unadjusted descriptive donor-cluster CI
Pvalb,Pvalb,iGluR,ElasticNet,within_subclass,722,302,0.018679413213158802,0.5167770347554463,0.7151763147502571,0.15621440081776938,-0.044361429613267646,0.4803492974326648,0.6473265836385478,0.08019675580932886,0.0771200644500141,0.5578286982948683,0.7911048236978979,0.23073440590368005,False,unadjusted descriptive donor-cluster CI
Pvalb,Pvalb,iGluR,XGBoost,within_subclass,722,302,0.028868752217653393,0.5087143717585608,0.7114536836953317,0.2596562849780562,-0.03366556989929407,0.4713412876003874,0.6413671297241372,0.18619095085794032,0.08492634217400732,0.5485311831527986,0.7847820929243031,0.33352443829822176,False,unadjusted descriptive donor-cluster CI
Sst,Sst,CaV,ElasticNet,within_subclass,1504,393,0.04493353817610657,0.6215166674551764,0.8785095160696532,0.26848173307728224,0.023174368325023488,0.5902860620575313,0.8208477819235637,0.21907932328511323,0.06556894781657402,0.6545430454092609,0.9381088412528755,0.31542642686812755,True,unadjusted descriptive donor-cluster CI
Sst,Sst,CaV,XGBoost,within_subclass,1504,393,0.015203097910702734,0.6263172082363576,0.8920783709425961,0.26612732335569195,-0.02131473698346753,0.595086117588768,0.8337106027029073,0.21666520212021706,0.050317620653093705,0.6593088479563609,0.9515040599293388,0.31540976966456935,False,unadjusted descriptive donor-cluster CI
Sst,Sst,GABAA,ElasticNet,within_subclass,1504,393,0.3616066739920891,0.5438530113375472,0.6976250547293438,0.6355701088104416,0.31619680878821765,0.5214288709042116,0.667154202315496,0.6012785040543436,0.4028368332116374,0.5666980990003192,0.7281152768675831,0.6666852674407026,True,unadjusted descriptive donor-cluster CI
Sst,Sst,GABAA,XGBoost,within_subclass,1504,393,0.3339053791041142,0.5581463453926084,0.7126000751112817,0.5968732041818674,0.2920201076427221,0.5360135029966449,0.6841682066381225,0.560294393704713,0.374716128070838,0.5807795583168502,0.7415681297937969,0.6324441055186744,True,unadjusted descriptive donor-cluster CI
Sst,Sst,HCN,ElasticNet,within_subclass,1504,393,0.038255636606106314,0.9279167381719559,1.1693943443621024,0.18315867617081596,0.019365260557422458,0.8907872654237737,1.1263642036124573,0.13395780687640152,0.05572238639428022,0.965667929005627,1.214052855295181,0.23229383268681128,True,unadjusted descriptive donor-cluster CI
Sst,Sst,HCN,XGBoost,within_subclass,1504,393,0.0007452778150836004,0.9446123119221483,1.1919808244305299,0.13439246208832076,-0.036421738248505746,0.9085088737348658,1.148576322001259,0.08045124647764178,0.03485383894918992,0.9812628898596925,1.2359448326691744,0.18845956934722763,False,unadjusted descriptive donor-cluster CI
Sst,Sst,Kv,ElasticNet,within_subclass,1504,393,0.035084997007271745,0.4008099020915751,0.5253784694928905,0.2211238228991935,0.015719113965526436,0.38280238104602865,0.4974811139683829,0.17196089971834805,0.053110607813827045,0.42031133628785994,0.5543748115593521,0.2703937436825306,True,unadjusted descriptive donor-cluster CI
Sst,Sst,Kv,XGBoost,within_subclass,1504,393,0.03895936850499482,0.39495810101087614,0.5243226465738944,0.22752846960352288,0.004894141417645659,0.37720745163443087,0.4968909280097465,0.17724514214105208,0.07267433957079221,0.4138541475377446,0.5530995064308041,0.277929973219743,True,unadjusted descriptive donor-cluster CI
Sst,Sst,NaV,ElasticNet,within_subclass,1504,393,0.07866998199385145,0.606921943593249,0.7953596019174536,0.2834057163117746,0.041910820128732124,0.5816745828652379,0.7569970365837556,0.22851358895625368,0.11333158345689875,0.632392041150547,0.8330791655695784,0.33708918617416983,True,unadjusted descriptive donor-cluster CI
Sst,Sst,NaV,XGBoost,within_subclass,1504,393,0.07383811513478689,0.6073523933416466,0.7974424854114696,0.2746923591143859,0.03342702159275929,0.5813116332201247,0.7604957929795032,0.22228384559676148,0.11221423394903084,0.6344042991969672,0.8346863543147859,0.3259914368316634,True,unadjusted descriptive donor-cluster CI
Sst,Sst,iGluR,ElasticNet,within_subclass,1504,393,-0.019814851316092286,0.4954052788898377,0.7651433171310579,0.10739033349149583,-0.06282811656520688,0.46505010357247584,0.6900386615003654,0.05676020336848789,0.00715216858787658,0.5285941522574679,0.8450739422146591,0.15904814176060744,False,unadjusted descriptive donor-cluster CI
Sst,Sst,iGluR,XGBoost,within_subclass,1504,393,-0.05146160560674362,0.5045735795340016,0.776924528294524,0.10409785708174162,-0.08545295784652247,0.4712101448109609,0.6999454206736262,0.04744850279975505,-0.020405823170297734,0.5387000090291216,0.8565449365076674,0.16412255635982714,False,unadjusted descriptive donor-cluster CI
Vip,Vip,CaV,ElasticNet,within_subclass,655,248,0.002215640422947085,0.8207576918163823,1.0738288094817867,0.16763493045000133,-0.04116520476413445,0.7648836906741474,0.9932121706773358,0.08929939950739971,0.03971684253386575,0.8772649885940816,1.1527160750094416,0.24678315913462537,False,unadjusted descriptive donor-cluster CI
Vip,Vip,CaV,XGBoost,within_subclass,655,248,-0.09126109433797036,0.8681596249325283,1.1230033229916743,0.0989932351939446,-0.17041742150047334,0.8138418722491518,1.0493214297275797,0.01484425562958034,-0.02317121699391334,0.9229030425348,1.2008575992484012,0.178074590476329,False,unadjusted descriptive donor-cluster CI
Vip,Vip,GABAA,ElasticNet,within_subclass,655,248,0.018962455395775457,0.43981687336065584,0.5916364947067663,0.21175677568457177,-0.0184862075993678,0.410530121336044,0.5469299012071781,0.13854240847330093,0.0538109559209833,0.4703993409791071,0.6366267925181448,0.2842205038630431,False,unadjusted descriptive donor-cluster CI
Vip,Vip,GABAA,XGBoost,within_subclass,655,248,-0.0004985638576724405,0.4503688279977868,0.5974758777821491,0.21617986904036832,-0.06337247916184471,0.42221263601378056,0.5546956994336092,0.14115037182782078,0.05596674065016319,0.48071362719590705,0.6418462298358794,0.2887508453228159,False,unadjusted descriptive donor-cluster CI
Vip,Vip,HCN,ElasticNet,within_subclass,655,248,0.0008324484567475698,0.9991770312642134,1.242830280628653,0.15311650243626052,-0.042017450716547694,0.9421370000562498,1.1798720656884942,0.07667495986289079,0.03508830201828666,1.0560792277853641,1.305004653147767,0.22347020863435424,False,unadjusted descriptive donor-cluster CI
Vip,Vip,HCN,XGBoost,within_subclass,655,248,-0.07916739047168675,1.0457439687918815,1.2916268723816504,0.07204639083303244,-0.14419645268091855,0.9914812647158683,1.2317790982143044,-0.005676188274481786,-0.021929493737351227,1.1012852865531995,1.3512183832316276,0.14924247933197332,False,unadjusted descriptive donor-cluster CI
Vip,Vip,Kv,ElasticNet,within_subclass,655,248,-0.008751883968444174,0.4530330185523338,0.5853218687925549,0.13281887609127513,-0.05352421274054257,0.42529893280298664,0.544856009774529,0.05707486659446359,0.028067483463366977,0.48198260571226115,0.6255372594440739,0.21014894238710163,False,unadjusted descriptive donor-cluster CI
Vip,Vip,Kv,XGBoost,within_subclass,655,248,-0.11168999567677851,0.47655604627913317,0.614461136511635,0.07696865087566768,-0.180332011020105,0.44866475197743044,0.5746739673641641,0.004288452509818643,-0.05069775451632695,0.5055016425786739,0.6564819140611182,0.14758814096803013,False,unadjusted descriptive donor-cluster CI
Vip,Vip,NaV,ElasticNet,within_subclass,655,248,-0.002775133606433,0.7191038603692055,0.9250067800944325,-0.04026513774700309,-0.012343702065963101,0.6773106999625226,0.8687358083744185,-0.12093910248092055,0.00022472297972335332,0.7632462652592267,0.9837095094199965,0.04129146632278602,False,unadjusted descriptive donor-cluster CI
Vip,Vip,NaV,XGBoost,within_subclass,655,248,-0.04429491082075576,0.7386906757854261,0.9439624500837404,0.13177039502708215,-0.10061678845016471,0.6985853554806645,0.8907056350209743,0.05934260143761166,0.0024772008489275547,0.7790243772738785,1.0020150235673224,0.20071367364861342,False,unadjusted descriptive donor-cluster CI
Vip,Vip,iGluR,ElasticNet,within_subclass,655,248,-0.01897309990930851,0.6742060721929292,0.9367338155234175,0.1516669913271648,-0.07156726562559469,0.6256451305180917,0.8526288204334611,0.07193134263389156,0.022914889849970994,0.7264324113168364,1.0224165552709765,0.23205461977619218,False,unadjusted descriptive donor-cluster CI
Vip,Vip,iGluR,XGBoost,within_subclass,655,248,-0.01469704220642254,0.6835290019947067,0.9347662763775034,0.28335941063031334,-0.08245464309607833,0.6324760762283891,0.8552241958490313,0.21119414908465378,0.043663190120007155,0.7341182034716535,1.017055141679392,0.35342937571682254,False,unadjusted descriptive donor-cluster CI
