module,omitted_gene,target_name,genes_used,new_gene_count,n,target_mean,target_variance,target_sd,primary_target_variance,target_primary_spearman,model,analysis,r2,mae,rmse,spearman,fold_r2_min,fold_r2_max,fold_spearman_min,fold_spearman_max,primary_r2,primary_mae,primary_rmse,primary_spearman,delta_r2,delta_mae,delta_rmse,delta_spearman,qualitative_classification,classification_rationale,target_level_classification,target_level_rationale
HCN,Hcn2,HCN_minus_Hcn2,Hcn1|Hcn3|Hcn4,3,3410,3.6735112665287932,1.5927573876356032,1.2620449229863424,1.372287755422836,0.8570324305680684,Dummy,dummy,-0.0010305049940484423,1.0142898608226896,1.262509867869273,-0.026478733040081335,-0.0035609771110935995,-0.0004973961711018937,,,-0.0006847796826683,0.9323275478875738,1.1716760491678295,-0.0233732246635958,-0.00034572531138014233,0.0819623129351158,0.09083381870144347,-0.0031055083764855336,baseline_reference,"Dummy is retained only as the mandatory fold-wise mean reference; alternative R2=-0.001031, delta R2=-0.000346.",mixed_or_partial,Best alternative ephys model=ElasticNet; best primary ephys model=ElasticNet. alternative R2=0.033934; delta R2=-0.029844; delta Spearman=-0.067167. Rules: weakened if alternative R2<=0 or either dimensionless metric drops by >=0.10; stronger if delta R2>0.05 without Spearman dropping >0.05; stable if both absolute deltas<=0.05; otherwise mixed_or_partial.
HCN,Hcn2,HCN_minus_Hcn2,Hcn1|Hcn3|Hcn4,3,3410,3.6735112665287932,1.5927573876356032,1.2620449229863424,1.372287755422836,0.8570324305680684,ElasticNet,ephys_only,0.033934294968417156,1.0065760461894706,1.2402649130440695,0.18931886750018392,0.024234733696768762,0.048454353059266375,0.16829945206290253,0.23773236761087013,0.0637784128616022,0.9037793959199082,1.1333087206669046,0.2564860374046429,-0.029844117893185043,0.10279665026956242,0.10695619237716492,-0.06716716990445895,mixed_or_partial,alternative R2=0.033934; delta R2=-0.029844; delta Spearman=-0.067167. Rules: weakened if alternative R2<=0 or either dimensionless metric drops by >=0.10; stronger if delta R2>0.05 without Spearman dropping >0.05; stable if both absolute deltas<=0.05; otherwise mixed_or_partial.,mixed_or_partial,Best alternative ephys model=ElasticNet; best primary ephys model=ElasticNet. alternative R2=0.033934; delta R2=-0.029844; delta Spearman=-0.067167. Rules: weakened if alternative R2<=0 or either dimensionless metric drops by >=0.10; stronger if delta R2>0.05 without Spearman dropping >0.05; stable if both absolute deltas<=0.05; otherwise mixed_or_partial.
HCN,Hcn2,HCN_minus_Hcn2,Hcn1|Hcn3|Hcn4,3,3410,3.6735112665287932,1.5927573876356032,1.2620449229863424,1.372287755422836,0.8570324305680684,XGBoost,ephys_only,0.03244294275994719,1.0061043398928449,1.2412218658195846,0.1783112432881973,0.0026748125053315253,0.048131857599293615,0.16286668882400432,0.20629734593622748,0.0606699515935746,0.9046970859020486,1.1351885784910722,0.251763052617447,-0.028227008833627408,0.10140725399079631,0.10603328732851236,-0.07345180932924972,mixed_or_partial,alternative R2=0.032443; delta R2=-0.028227; delta Spearman=-0.073452. Rules: weakened if alternative R2<=0 or either dimensionless metric drops by >=0.10; stronger if delta R2>0.05 without Spearman dropping >0.05; stable if both absolute deltas<=0.05; otherwise mixed_or_partial.,mixed_or_partial,Best alternative ephys model=ElasticNet; best primary ephys model=ElasticNet. alternative R2=0.033934; delta R2=-0.029844; delta Spearman=-0.067167. Rules: weakened if alternative R2<=0 or either dimensionless metric drops by >=0.10; stronger if delta R2>0.05 without Spearman dropping >0.05; stable if both absolute deltas<=0.05; otherwise mixed_or_partial.
HCN,Hcn2,HCN_minus_Hcn2,Hcn1|Hcn3|Hcn4,3,3410,3.6735112665287932,1.5927573876356032,1.2620449229863424,1.372287755422836,0.8570324305680684,SubclassRidge,subclass_only,0.009909445887966606,1.0155555096604434,1.2555921267508199,0.1027828903272213,-0.006083106237244618,0.023776867376123723,0.07219502636857841,0.18688884017693547,0.0408446184430505,0.9100704195734972,1.147105571579592,0.1708959437786816,-0.030935172555083892,0.10548509008694618,0.10848655517122796,-0.06811305345146032,mixed_or_partial,alternative R2=0.009909; delta R2=-0.030935; delta Spearman=-0.068113. Rules: weakened if alternative R2<=0 or either dimensionless metric drops by >=0.10; stronger if delta R2>0.05 without Spearman dropping >0.05; stable if both absolute deltas<=0.05; otherwise mixed_or_partial.,mixed_or_partial,Best alternative ephys model=ElasticNet; best primary ephys model=ElasticNet. alternative R2=0.033934; delta R2=-0.029844; delta Spearman=-0.067167. Rules: weakened if alternative R2<=0 or either dimensionless metric drops by >=0.10; stronger if delta R2>0.05 without Spearman dropping >0.05; stable if both absolute deltas<=0.05; otherwise mixed_or_partial.
HCN,Hcn3,HCN_minus_Hcn3,Hcn1|Hcn2|Hcn4,3,3410,4.073409453875492,1.39610117130858,1.1815672521310754,1.372287755422836,0.7756741770550553,Dummy,dummy,-0.0007372024062688443,0.9373921927156852,1.1818293721165387,-0.022055726041960353,-0.002206764283737339,-2.0442787836527643e-05,,,-0.0006847796826683,0.9323275478875738,1.1716760491678295,-0.0233732246635958,-5.242272360054428e-05,0.00506464482811142,0.010153322948709187,0.0013174986216354483,baseline_reference,"Dummy is retained only as the mandatory fold-wise mean reference; alternative R2=-0.000737, delta R2=-0.000052.",stronger_after_omission,Best alternative ephys model=XGBoost; best primary ephys model=ElasticNet. alternative R2=0.131261; delta R2=+0.067482; delta Spearman=+0.117766. Rules: weakened if alternative R2<=0 or either dimensionless metric drops by >=0.10; stronger if delta R2>0.05 without Spearman dropping >0.05; stable if both absolute deltas<=0.05; otherwise mixed_or_partial.
HCN,Hcn3,HCN_minus_Hcn3,Hcn1|Hcn2|Hcn4,3,3410,4.073409453875492,1.39610117130858,1.1815672521310754,1.372287755422836,0.7756741770550553,ElasticNet,ephys_only,0.12288062528216293,0.8564613726437922,1.1064304233053335,0.36738024553824433,0.11489232961648499,0.13376785834606542,0.35604021553597565,0.387719114789289,0.0637784128616022,0.9037793959199082,1.1333087206669046,0.2564860374046429,0.059102212420560726,-0.047318023276116006,-0.026878297361571102,0.11089420813360146,stronger_after_omission,alternative R2=0.122881; delta R2=+0.059102; delta Spearman=+0.110894. Rules: weakened if alternative R2<=0 or either dimensionless metric drops by >=0.10; stronger if delta R2>0.05 without Spearman dropping >0.05; stable if both absolute deltas<=0.05; otherwise mixed_or_partial.,stronger_after_omission,Best alternative ephys model=XGBoost; best primary ephys model=ElasticNet. alternative R2=0.131261; delta R2=+0.067482; delta Spearman=+0.117766. Rules: weakened if alternative R2<=0 or either dimensionless metric drops by >=0.10; stronger if delta R2>0.05 without Spearman dropping >0.05; stable if both absolute deltas<=0.05; otherwise mixed_or_partial.
HCN,Hcn3,HCN_minus_Hcn3,Hcn1|Hcn2|Hcn4,3,3410,4.073409453875492,1.39610117130858,1.1815672521310754,1.372287755422836,0.7756741770550553,XGBoost,ephys_only,0.13126070347056296,0.8488860886615401,1.1011322697846389,0.3742518104142872,0.12031699786343242,0.14524935841016007,0.3553963408688882,0.4020175195651512,0.0606699515935746,0.9046970859020486,1.1351885784910722,0.251763052617447,0.07059075187698835,-0.05581099724050842,-0.03405630870643339,0.12248875779684015,stronger_after_omission,alternative R2=0.131261; delta R2=+0.070591; delta Spearman=+0.122489. Rules: weakened if alternative R2<=0 or either dimensionless metric drops by >=0.10; stronger if delta R2>0.05 without Spearman dropping >0.05; stable if both absolute deltas<=0.05; otherwise mixed_or_partial.,stronger_after_omission,Best alternative ephys model=XGBoost; best primary ephys model=ElasticNet. alternative R2=0.131261; delta R2=+0.067482; delta Spearman=+0.117766. Rules: weakened if alternative R2<=0 or either dimensionless metric drops by >=0.10; stronger if delta R2>0.05 without Spearman dropping >0.05; stable if both absolute deltas<=0.05; otherwise mixed_or_partial.
HCN,Hcn3,HCN_minus_Hcn3,Hcn1|Hcn2|Hcn4,3,3410,4.073409453875492,1.39610117130858,1.1815672521310754,1.372287755422836,0.7756741770550553,SubclassRidge,subclass_only,0.08103589383221244,0.8741940247457725,1.1325151779972245,0.2513924998864355,0.06286771125485024,0.09619641827534076,0.22334753838269428,0.3167858632924312,0.0408446184430505,0.9100704195734972,1.147105571579592,0.1708959437786816,0.04019127538916194,-0.035876394827724756,-0.014590393582367467,0.08049655610775391,mixed_or_partial,alternative R2=0.081036; delta R2=+0.040191; delta Spearman=+0.080497. Rules: weakened if alternative R2<=0 or either dimensionless metric drops by >=0.10; stronger if delta R2>0.05 without Spearman dropping >0.05; stable if both absolute deltas<=0.05; otherwise mixed_or_partial.,stronger_after_omission,Best alternative ephys model=XGBoost; best primary ephys model=ElasticNet. alternative R2=0.131261; delta R2=+0.067482; delta Spearman=+0.117766. Rules: weakened if alternative R2<=0 or either dimensionless metric drops by >=0.10; stronger if delta R2>0.05 without Spearman dropping >0.05; stable if both absolute deltas<=0.05; otherwise mixed_or_partial.
NaV,Scn3a,NaV_minus_Scn3a,Scn1a|Scn8a|Scn9a|Scn10a|Scn11a,5,3410,3.733095592614059,0.7923094335750851,0.8901176515355064,0.7653808543068797,0.8192728819415519,Dummy,dummy,-0.002379071272037958,0.7260457099863642,0.8910451686672204,-0.0391999790893201,-0.007961750553901137,-0.0003462581116100427,,,-0.0029729346266302,0.6702661986907666,0.8760314848263495,-0.0429208471134615,0.0005938633545922419,0.05577951129559755,0.015013683840870873,0.0037208680241413994,baseline_reference,"Dummy is retained only as the mandatory fold-wise mean reference; alternative R2=-0.002379, delta R2=+0.000594.",stronger_after_omission,Best alternative ephys model=XGBoost; best primary ephys model=XGBoost. alternative R2=0.306988; delta R2=+0.177615; delta Spearman=+0.159363. Rules: weakened if alternative R2<=0 or either dimensionless metric drops by >=0.10; stronger if delta R2>0.05 without Spearman dropping >0.05; stable if both absolute deltas<=0.05; otherwise mixed_or_partial.
NaV,Scn3a,NaV_minus_Scn3a,Scn1a|Scn8a|Scn9a|Scn10a|Scn11a,5,3410,3.733095592614059,0.7923094335750851,0.8901176515355064,0.7653808543068797,0.8192728819415519,ElasticNet,ephys_only,0.29313720770700025,0.5762295288510226,0.7482578565241492,0.5117643457275077,0.25500293225228043,0.32046448298513863,0.4754339970665959,0.5365802338165434,0.1208140768111614,0.6326349863176423,0.8201918910023996,0.3549457163531496,0.17232313089583884,-0.056405457466619624,-0.07193403447825042,0.15681862937435814,stronger_after_omission,alternative R2=0.293137; delta R2=+0.172323; delta Spearman=+0.156819. Rules: weakened if alternative R2<=0 or either dimensionless metric drops by >=0.10; stronger if delta R2>0.05 without Spearman dropping >0.05; stable if both absolute deltas<=0.05; otherwise mixed_or_partial.,stronger_after_omission,Best alternative ephys model=XGBoost; best primary ephys model=XGBoost. alternative R2=0.306988; delta R2=+0.177615; delta Spearman=+0.159363. Rules: weakened if alternative R2<=0 or either dimensionless metric drops by >=0.10; stronger if delta R2>0.05 without Spearman dropping >0.05; stable if both absolute deltas<=0.05; otherwise mixed_or_partial.
NaV,Scn3a,NaV_minus_Scn3a,Scn1a|Scn8a|Scn9a|Scn10a|Scn11a,5,3410,3.733095592614059,0.7923094335750851,0.8901176515355064,0.7653808543068797,0.8192728819415519,XGBoost,ephys_only,0.3069882040028994,0.5616194194106546,0.7408905203084541,0.5374467157281452,0.25924281155598417,0.3353470573930034,0.5025455758884286,0.5653171179700158,0.1293729052071363,0.6269232331991024,0.8161898649955764,0.3780834165036952,0.1776152987957631,-0.06530381378844774,-0.0752993446871223,0.15936329922444997,stronger_after_omission,alternative R2=0.306988; delta R2=+0.177615; delta Spearman=+0.159363. Rules: weakened if alternative R2<=0 or either dimensionless metric drops by >=0.10; stronger if delta R2>0.05 without Spearman dropping >0.05; stable if both absolute deltas<=0.05; otherwise mixed_or_partial.,stronger_after_omission,Best alternative ephys model=XGBoost; best primary ephys model=XGBoost. alternative R2=0.306988; delta R2=+0.177615; delta Spearman=+0.159363. Rules: weakened if alternative R2<=0 or either dimensionless metric drops by >=0.10; stronger if delta R2>0.05 without Spearman dropping >0.05; stable if both absolute deltas<=0.05; otherwise mixed_or_partial.
NaV,Scn3a,NaV_minus_Scn3a,Scn1a|Scn8a|Scn9a|Scn10a|Scn11a,5,3410,3.733095592614059,0.7923094335750851,0.8901176515355064,0.7653808543068797,0.8192728819415519,SubclassRidge,subclass_only,0.2784651987506189,0.5754216362978851,0.755983585755649,0.4553441149320909,0.24398867934816815,0.2978075209873692,0.46655843940691016,0.5168806890374601,0.101900606808825,0.6329379970706766,0.8289671288602474,0.3000004253185444,0.1765645919417939,-0.05751636077279143,-0.07298354310459843,0.15534368961354655,stronger_after_omission,alternative R2=0.278465; delta R2=+0.176565; delta Spearman=+0.155344. Rules: weakened if alternative R2<=0 or either dimensionless metric drops by >=0.10; stronger if delta R2>0.05 without Spearman dropping >0.05; stable if both absolute deltas<=0.05; otherwise mixed_or_partial.,stronger_after_omission,Best alternative ephys model=XGBoost; best primary ephys model=XGBoost. alternative R2=0.306988; delta R2=+0.177615; delta Spearman=+0.159363. Rules: weakened if alternative R2<=0 or either dimensionless metric drops by >=0.10; stronger if delta R2>0.05 without Spearman dropping >0.05; stable if both absolute deltas<=0.05; otherwise mixed_or_partial.
NaV,Scn9a,NaV_minus_Scn9a,Scn1a|Scn3a|Scn8a|Scn10a|Scn11a,5,3410,4.024679723167505,0.6098030098899214,0.7808988474123403,0.7653808543068797,0.7439942158595838,Dummy,dummy,-0.002092709599534448,0.599461752348542,0.7816008881811877,-0.03998132608467773,-0.006641160272992996,-0.0004660722904348269,,,-0.0029729346266302,0.6702661986907666,0.8760314848263495,-0.0429208471134615,0.000880225027095752,-0.0708044463422246,-0.09443059664516185,0.0029395210287837745,baseline_reference,"Dummy is retained only as the mandatory fold-wise mean reference; alternative R2=-0.002093, delta R2=+0.000880.",weakened,Best alternative ephys model=ElasticNet; best primary ephys model=XGBoost. alternative R2=0.013427; delta R2=-0.115946; delta Spearman=-0.278743. Rules: weakened if alternative R2<=0 or either dimensionless metric drops by >=0.10; stronger if delta R2>0.05 without Spearman dropping >0.05; stable if both absolute deltas<=0.05; otherwise mixed_or_partial.
NaV,Scn9a,NaV_minus_Scn9a,Scn1a|Scn3a|Scn8a|Scn10a|Scn11a,5,3410,4.024679723167505,0.6098030098899214,0.7808988474123403,0.7653808543068797,0.7439942158595838,ElasticNet,ephys_only,0.013427086202814298,0.5977847959548784,0.7755247936619283,0.09934040680231267,-0.007243599537548384,0.022368735626565606,0.08035352797794508,0.12657657016458124,0.1208140768111614,0.6326349863176423,0.8201918910023996,0.3549457163531496,-0.1073869906083471,-0.03485019036276382,-0.04466709734047136,-0.25560530955083693,weakened,alternative R2=0.013427; delta R2=-0.107387; delta Spearman=-0.255605. Rules: weakened if alternative R2<=0 or either dimensionless metric drops by >=0.10; stronger if delta R2>0.05 without Spearman dropping >0.05; stable if both absolute deltas<=0.05; otherwise mixed_or_partial.,weakened,Best alternative ephys model=ElasticNet; best primary ephys model=XGBoost. alternative R2=0.013427; delta R2=-0.115946; delta Spearman=-0.278743. Rules: weakened if alternative R2<=0 or either dimensionless metric drops by >=0.10; stronger if delta R2>0.05 without Spearman dropping >0.05; stable if both absolute deltas<=0.05; otherwise mixed_or_partial.
NaV,Scn9a,NaV_minus_Scn9a,Scn1a|Scn3a|Scn8a|Scn10a|Scn11a,5,3410,4.024679723167505,0.6098030098899214,0.7808988474123403,0.7653808543068797,0.7439942158595838,XGBoost,ephys_only,-0.009741868470700021,0.602655891327469,0.784578269279526,0.07831306273392219,-0.034627951432920634,0.011281468046413057,0.0662467088679603,0.11476501986516656,0.1293729052071363,0.6269232331991024,0.8161898649955764,0.3780834165036952,-0.1391147736778363,-0.024267341871633374,-0.031611595716050434,-0.299770353769773,weakened,alternative R2=-0.009742; delta R2=-0.139115; delta Spearman=-0.299770. Rules: weakened if alternative R2<=0 or either dimensionless metric drops by >=0.10; stronger if delta R2>0.05 without Spearman dropping >0.05; stable if both absolute deltas<=0.05; otherwise mixed_or_partial.,weakened,Best alternative ephys model=ElasticNet; best primary ephys model=XGBoost. alternative R2=0.013427; delta R2=-0.115946; delta Spearman=-0.278743. Rules: weakened if alternative R2<=0 or either dimensionless metric drops by >=0.10; stronger if delta R2>0.05 without Spearman dropping >0.05; stable if both absolute deltas<=0.05; otherwise mixed_or_partial.
NaV,Scn9a,NaV_minus_Scn9a,Scn1a|Scn3a|Scn8a|Scn10a|Scn11a,5,3410,4.024679723167505,0.6098030098899214,0.7808988474123403,0.7653808543068797,0.7439942158595838,SubclassRidge,subclass_only,0.006936538514656032,0.5973236427851742,0.7780716550612047,0.04466939549038426,-0.0026698887395386617,0.010358995682908212,0.008974882576658363,0.10379002601037172,0.101900606808825,0.6329379970706766,0.8289671288602474,0.3000004253185444,-0.09496406829416897,-0.0356143542855023,-0.05089547379904269,-0.25533102982816014,weakened,alternative R2=0.006937; delta R2=-0.094964; delta Spearman=-0.255331. Rules: weakened if alternative R2<=0 or either dimensionless metric drops by >=0.10; stronger if delta R2>0.05 without Spearman dropping >0.05; stable if both absolute deltas<=0.05; otherwise mixed_or_partial.,weakened,Best alternative ephys model=ElasticNet; best primary ephys model=XGBoost. alternative R2=0.013427; delta R2=-0.115946; delta Spearman=-0.278743. Rules: weakened if alternative R2<=0 or either dimensionless metric drops by >=0.10; stronger if delta R2>0.05 without Spearman dropping >0.05; stable if both absolute deltas<=0.05; otherwise mixed_or_partial.
