module,contrast_id,model_a,model_b,metric,n_cells,n_groups,n_bootstrap,n_resamples,bootstrap_seed,plan_sha256,point_a,point_b,point_delta,ci_low,ci_high,count_gt0,count_lt0,count_eq0,prob_gt0,prob_lt0,delta_orientation,positive_means,inference_scope,descriptively_resolved
NaV,EphysSubclassRidge_minus_SubclassRidge,EphysSubclassRidge,SubclassRidge,r2,3410,871,5000,5000,1218278304,1a2d8ce08d0b350d7bd9828aaf6dd0aa0b7fab40a1e771ffd350568ae6e37475,0.1360101215426217,0.10190060680882518,0.03410951473379653,0.018877011578870034,0.04910928312425366,5000,0,0,1.0,0.0,A-B,incremental ephys improvement beyond subclass,unadjusted exploratory donor-cluster bootstrap,True
NaV,EphysSubclassRidge_minus_SubclassRidge,EphysSubclassRidge,SubclassRidge,mae,3410,871,5000,5000,1218278304,1a2d8ce08d0b350d7bd9828aaf6dd0aa0b7fab40a1e771ffd350568ae6e37475,0.6258193893191862,0.6329379970706766,0.0071186077514903134,0.0004955163388609991,0.013680796938692239,4910,90,0,0.982,0.018,B-A,incremental ephys improvement beyond subclass,unadjusted exploratory donor-cluster bootstrap,False
NaV,EphysSubclassRidge_minus_SubclassRidge,EphysSubclassRidge,SubclassRidge,rmse,3410,871,5000,5000,1218278304,1a2d8ce08d0b350d7bd9828aaf6dd0aa0b7fab40a1e771ffd350568ae6e37475,0.8130728055641747,0.8289671288602473,0.015894323296072543,0.008688204202886888,0.022990923088714612,5000,0,0,1.0,0.0,B-A,incremental ephys improvement beyond subclass,unadjusted exploratory donor-cluster bootstrap,False
NaV,EphysSubclassRidge_minus_SubclassRidge,EphysSubclassRidge,SubclassRidge,spearman,3410,871,5000,5000,1218278304,1a2d8ce08d0b350d7bd9828aaf6dd0aa0b7fab40a1e771ffd350568ae6e37475,0.3876874613941624,0.30000042531854443,0.08768703607561795,0.06316620004274952,0.11355036072286877,5000,0,0,1.0,0.0,A-B,incremental ephys improvement beyond subclass,unadjusted exploratory donor-cluster bootstrap,False
Kv,EphysSubclassRidge_minus_SubclassRidge,EphysSubclassRidge,SubclassRidge,r2,3410,871,5000,5000,1218278304,1a2d8ce08d0b350d7bd9828aaf6dd0aa0b7fab40a1e771ffd350568ae6e37475,0.0645911864576465,0.041547994377531206,0.023043192080115293,0.007954162505363516,0.037300990811075956,4998,2,0,0.9996,0.0004,A-B,incremental ephys improvement beyond subclass,unadjusted exploratory donor-cluster bootstrap,True
Kv,EphysSubclassRidge_minus_SubclassRidge,EphysSubclassRidge,SubclassRidge,mae,3410,871,5000,5000,1218278304,1a2d8ce08d0b350d7bd9828aaf6dd0aa0b7fab40a1e771ffd350568ae6e37475,0.4083466554642867,0.4132452263320163,0.004898570867729601,0.001057552989920399,0.00866024757807086,4965,35,0,0.993,0.007,B-A,incremental ephys improvement beyond subclass,unadjusted exploratory donor-cluster bootstrap,False
Kv,EphysSubclassRidge_minus_SubclassRidge,EphysSubclassRidge,SubclassRidge,rmse,3410,871,5000,5000,1218278304,1a2d8ce08d0b350d7bd9828aaf6dd0aa0b7fab40a1e771ffd350568ae6e37475,0.5340404929799178,0.5405783453417452,0.0065378523618273565,0.00222858190645851,0.010716044596332817,4998,2,0,0.9996,0.0004,B-A,incremental ephys improvement beyond subclass,unadjusted exploratory donor-cluster bootstrap,False
Kv,EphysSubclassRidge_minus_SubclassRidge,EphysSubclassRidge,SubclassRidge,spearman,3410,871,5000,5000,1218278304,1a2d8ce08d0b350d7bd9828aaf6dd0aa0b7fab40a1e771ffd350568ae6e37475,0.26212755918989833,0.179135478870965,0.08299208031893332,0.0522316630590701,0.11473167475285047,5000,0,0,1.0,0.0,A-B,incremental ephys improvement beyond subclass,unadjusted exploratory donor-cluster bootstrap,False
CaV,EphysSubclassRidge_minus_SubclassRidge,EphysSubclassRidge,SubclassRidge,r2,3410,871,5000,5000,1218278304,1a2d8ce08d0b350d7bd9828aaf6dd0aa0b7fab40a1e771ffd350568ae6e37475,0.1135690780569546,0.10396673739012618,0.009602340666828413,-0.0015106741034393162,0.02066963450075619,4775,225,0,0.955,0.045,A-B,incremental ephys improvement beyond subclass,unadjusted exploratory donor-cluster bootstrap,False
CaV,EphysSubclassRidge_minus_SubclassRidge,EphysSubclassRidge,SubclassRidge,mae,3410,871,5000,5000,1218278304,1a2d8ce08d0b350d7bd9828aaf6dd0aa0b7fab40a1e771ffd350568ae6e37475,0.6620439263338112,0.6641654879533498,0.002121561619538692,-0.003284310298022469,0.00749579944254003,3931,1069,0,0.7862,0.2138,B-A,incremental ephys improvement beyond subclass,unadjusted exploratory donor-cluster bootstrap,False
CaV,EphysSubclassRidge_minus_SubclassRidge,EphysSubclassRidge,SubclassRidge,rmse,3410,871,5000,5000,1218278304,1a2d8ce08d0b350d7bd9828aaf6dd0aa0b7fab40a1e771ffd350568ae6e37475,0.9080215839480916,0.9129264483365904,0.0049048643884987975,-0.0007630564851847932,0.010667006148238426,4775,225,0,0.955,0.045,B-A,incremental ephys improvement beyond subclass,unadjusted exploratory donor-cluster bootstrap,False
CaV,EphysSubclassRidge_minus_SubclassRidge,EphysSubclassRidge,SubclassRidge,spearman,3410,871,5000,5000,1218278304,1a2d8ce08d0b350d7bd9828aaf6dd0aa0b7fab40a1e771ffd350568ae6e37475,0.3990082999948029,0.35125604262892623,0.04775225736587668,0.026653153153369375,0.06934941331730082,5000,0,0,1.0,0.0,A-B,incremental ephys improvement beyond subclass,unadjusted exploratory donor-cluster bootstrap,False
HCN,EphysSubclassRidge_minus_SubclassRidge,EphysSubclassRidge,SubclassRidge,r2,3410,871,5000,5000,1218278304,1a2d8ce08d0b350d7bd9828aaf6dd0aa0b7fab40a1e771ffd350568ae6e37475,0.05658890485522694,0.04084461844305032,0.015744286412176622,0.002095608671731955,0.029129234112745917,4945,55,0,0.989,0.011,A-B,incremental ephys improvement beyond subclass,unadjusted exploratory donor-cluster bootstrap,True
HCN,EphysSubclassRidge_minus_SubclassRidge,EphysSubclassRidge,SubclassRidge,mae,3410,871,5000,5000,1218278304,1a2d8ce08d0b350d7bd9828aaf6dd0aa0b7fab40a1e771ffd350568ae6e37475,0.9067291604918442,0.9100704195734971,0.0033412590816529475,-0.004016230162884421,0.010654238169696639,4029,971,0,0.8058,0.1942,B-A,incremental ephys improvement beyond subclass,unadjusted exploratory donor-cluster bootstrap,False
HCN,EphysSubclassRidge_minus_SubclassRidge,EphysSubclassRidge,SubclassRidge,rmse,3410,871,5000,5000,1218278304,1a2d8ce08d0b350d7bd9828aaf6dd0aa0b7fab40a1e771ffd350568ae6e37475,1.1376518961736686,1.1471055715795924,0.00945367540592379,0.001242291978091886,0.01757173614684555,4945,55,0,0.989,0.011,B-A,incremental ephys improvement beyond subclass,unadjusted exploratory donor-cluster bootstrap,False
HCN,EphysSubclassRidge_minus_SubclassRidge,EphysSubclassRidge,SubclassRidge,spearman,3410,871,5000,5000,1218278304,1a2d8ce08d0b350d7bd9828aaf6dd0aa0b7fab40a1e771ffd350568ae6e37475,0.2477742388213409,0.1708959437786816,0.07687829504265928,0.04545305096163808,0.10750302932556138,5000,0,0,1.0,0.0,A-B,incremental ephys improvement beyond subclass,unadjusted exploratory donor-cluster bootstrap,False
GABAA,EphysSubclassRidge_minus_SubclassRidge,EphysSubclassRidge,SubclassRidge,r2,3410,871,5000,5000,1218278304,1a2d8ce08d0b350d7bd9828aaf6dd0aa0b7fab40a1e771ffd350568ae6e37475,0.318716440738925,0.17677111159270065,0.14194532914622437,0.11765232309676622,0.16633786703928236,5000,0,0,1.0,0.0,A-B,incremental ephys improvement beyond subclass,unadjusted exploratory donor-cluster bootstrap,True
GABAA,EphysSubclassRidge_minus_SubclassRidge,EphysSubclassRidge,SubclassRidge,mae,3410,871,5000,5000,1218278304,1a2d8ce08d0b350d7bd9828aaf6dd0aa0b7fab40a1e771ffd350568ae6e37475,0.4992074287013748,0.5509510234789317,0.051743594777556856,0.04156626275239036,0.061904477210661994,5000,0,0,1.0,0.0,B-A,incremental ephys improvement beyond subclass,unadjusted exploratory donor-cluster bootstrap,False
GABAA,EphysSubclassRidge_minus_SubclassRidge,EphysSubclassRidge,SubclassRidge,rmse,3410,871,5000,5000,1218278304,1a2d8ce08d0b350d7bd9828aaf6dd0aa0b7fab40a1e771ffd350568ae6e37475,0.6548862337256334,0.719883480956789,0.06499724723115563,0.05318213586535134,0.07684936935165759,5000,0,0,1.0,0.0,B-A,incremental ephys improvement beyond subclass,unadjusted exploratory donor-cluster bootstrap,False
GABAA,EphysSubclassRidge_minus_SubclassRidge,EphysSubclassRidge,SubclassRidge,spearman,3410,871,5000,5000,1218278304,1a2d8ce08d0b350d7bd9828aaf6dd0aa0b7fab40a1e771ffd350568ae6e37475,0.5738597771547161,0.39109368465282135,0.1827660925018948,0.15074806155962414,0.21614076699878268,5000,0,0,1.0,0.0,A-B,incremental ephys improvement beyond subclass,unadjusted exploratory donor-cluster bootstrap,False
iGluR,EphysSubclassRidge_minus_SubclassRidge,EphysSubclassRidge,SubclassRidge,r2,3410,871,5000,5000,1218278304,1a2d8ce08d0b350d7bd9828aaf6dd0aa0b7fab40a1e771ffd350568ae6e37475,0.3404635210111927,0.32659317225458606,0.013870348756606643,0.0028472198026078008,0.024916825272324673,4965,35,0,0.993,0.007,A-B,incremental ephys improvement beyond subclass,unadjusted exploratory donor-cluster bootstrap,True
iGluR,EphysSubclassRidge_minus_SubclassRidge,EphysSubclassRidge,SubclassRidge,mae,3410,871,5000,5000,1218278304,1a2d8ce08d0b350d7bd9828aaf6dd0aa0b7fab40a1e771ffd350568ae6e37475,0.5569863595519521,0.5601322787018957,0.0031459191499436656,-0.0028558589038242513,0.009063751264336515,4255,745,0,0.851,0.149,B-A,incremental ephys improvement beyond subclass,unadjusted exploratory donor-cluster bootstrap,False
iGluR,EphysSubclassRidge_minus_SubclassRidge,EphysSubclassRidge,SubclassRidge,rmse,3410,871,5000,5000,1218278304,1a2d8ce08d0b350d7bd9828aaf6dd0aa0b7fab40a1e771ffd350568ae6e37475,0.811868213564519,0.8203607721223177,0.008492558557798735,0.0017223009069554317,0.01534260849526358,4965,35,0,0.993,0.007,B-A,incremental ephys improvement beyond subclass,unadjusted exploratory donor-cluster bootstrap,False
iGluR,EphysSubclassRidge_minus_SubclassRidge,EphysSubclassRidge,SubclassRidge,spearman,3410,871,5000,5000,1218278304,1a2d8ce08d0b350d7bd9828aaf6dd0aa0b7fab40a1e771ffd350568ae6e37475,0.6672844110616397,0.6372049024806469,0.030079508580992842,0.015798782590348046,0.04405688719198288,4999,1,0,0.9998,0.0002,A-B,incremental ephys improvement beyond subclass,unadjusted exploratory donor-cluster bootstrap,False
