module,module_version,frozen_at,species,official_mouse_symbol,subfamily,component_class,inclusion_basis,requested,present_in_local_mat_1252_panel,symbol_authority_url,family_citation_url
NaV,mm-channel-modules-v1.0.0,2026-08-11T14:37:43+04:30,Mus musculus,Scn1a,NaV1.1,pore-forming alpha,neuronal voltage-gated NaV1 alpha subunit,true,false,https://www.informatics.jax.org/nomen/,https://www.guidetopharmacology.org/GRAC/FamilyIntroductionForward?familyId=82
NaV,mm-channel-modules-v1.0.0,2026-08-11T14:37:43+04:30,Mus musculus,Scn2a,NaV1.2,pore-forming alpha,neuronal voltage-gated NaV1 alpha subunit,true,false,https://www.informatics.jax.org/nomen/,https://www.guidetopharmacology.org/GRAC/FamilyIntroductionForward?familyId=82
NaV,mm-channel-modules-v1.0.0,2026-08-11T14:37:43+04:30,Mus musculus,Scn3a,NaV1.3,pore-forming alpha,neuronal voltage-gated NaV1 alpha subunit,true,false,https://www.informatics.jax.org/nomen/,https://www.guidetopharmacology.org/GRAC/FamilyIntroductionForward?familyId=82
NaV,mm-channel-modules-v1.0.0,2026-08-11T14:37:43+04:30,Mus musculus,Scn8a,NaV1.6,pore-forming alpha,neuronal voltage-gated NaV1 alpha subunit,true,false,https://www.informatics.jax.org/nomen/,https://www.guidetopharmacology.org/GRAC/FamilyIntroductionForward?familyId=82
NaV,mm-channel-modules-v1.0.0,2026-08-11T14:37:43+04:30,Mus musculus,Scn9a,NaV1.7,pore-forming alpha,neuronal voltage-gated NaV1 alpha subunit,true,false,https://www.informatics.jax.org/nomen/,https://www.guidetopharmacology.org/GRAC/FamilyIntroductionForward?familyId=82
NaV,mm-channel-modules-v1.0.0,2026-08-11T14:37:43+04:30,Mus musculus,Scn10a,NaV1.8,pore-forming alpha,neuronal voltage-gated NaV1 alpha subunit,true,false,https://www.informatics.jax.org/nomen/,https://www.guidetopharmacology.org/GRAC/FamilyIntroductionForward?familyId=82
NaV,mm-channel-modules-v1.0.0,2026-08-11T14:37:43+04:30,Mus musculus,Scn11a,NaV1.9,pore-forming alpha,neuronal voltage-gated NaV1 alpha subunit,true,false,https://www.informatics.jax.org/nomen/,https://www.guidetopharmacology.org/GRAC/FamilyIntroductionForward?familyId=82
Kv,mm-channel-modules-v1.0.0,2026-08-11T14:37:43+04:30,Mus musculus,Kcna1,Kv1.1,pore-domain alpha,NC-IUPHAR Kv1-Kv12 alpha subunit,true,true,https://www.informatics.jax.org/nomen/,https://www.guidetopharmacology.org/GRAC/FamilyDisplayForward?familyId=81
Kv,mm-channel-modules-v1.0.0,2026-08-11T14:37:43+04:30,Mus musculus,Kcna2,Kv1.2,pore-domain alpha,NC-IUPHAR Kv1-Kv12 alpha subunit,true,false,https://www.informatics.jax.org/nomen/,https://www.guidetopharmacology.org/GRAC/FamilyDisplayForward?familyId=81
Kv,mm-channel-modules-v1.0.0,2026-08-11T14:37:43+04:30,Mus musculus,Kcna3,Kv1.3,pore-domain alpha,NC-IUPHAR Kv1-Kv12 alpha subunit,true,true,https://www.informatics.jax.org/nomen/,https://www.guidetopharmacology.org/GRAC/FamilyDisplayForward?familyId=81
Kv,mm-channel-modules-v1.0.0,2026-08-11T14:37:43+04:30,Mus musculus,Kcna4,Kv1.4,pore-domain alpha,NC-IUPHAR Kv1-Kv12 alpha subunit,true,false,https://www.informatics.jax.org/nomen/,https://www.guidetopharmacology.org/GRAC/FamilyDisplayForward?familyId=81
Kv,mm-channel-modules-v1.0.0,2026-08-11T14:37:43+04:30,Mus musculus,Kcna5,Kv1.5,pore-domain alpha,NC-IUPHAR Kv1-Kv12 alpha subunit,true,false,https://www.informatics.jax.org/nomen/,https://www.guidetopharmacology.org/GRAC/FamilyDisplayForward?familyId=81
Kv,mm-channel-modules-v1.0.0,2026-08-11T14:37:43+04:30,Mus musculus,Kcna6,Kv1.6,pore-domain alpha,NC-IUPHAR Kv1-Kv12 alpha subunit,true,false,https://www.informatics.jax.org/nomen/,https://www.guidetopharmacology.org/GRAC/FamilyDisplayForward?familyId=81
Kv,mm-channel-modules-v1.0.0,2026-08-11T14:37:43+04:30,Mus musculus,Kcna7,Kv1.7,pore-domain alpha,NC-IUPHAR Kv1-Kv12 alpha subunit,true,false,https://www.informatics.jax.org/nomen/,https://www.guidetopharmacology.org/GRAC/FamilyDisplayForward?familyId=81
Kv,mm-channel-modules-v1.0.0,2026-08-11T14:37:43+04:30,Mus musculus,Kcna10,Kv1.8,pore-domain alpha,NC-IUPHAR Kv1-Kv12 alpha subunit,true,false,https://www.informatics.jax.org/nomen/,https://www.guidetopharmacology.org/GRAC/FamilyDisplayForward?familyId=81
Kv,mm-channel-modules-v1.0.0,2026-08-11T14:37:43+04:30,Mus musculus,Kcnb1,Kv2.1,pore-domain alpha,NC-IUPHAR Kv1-Kv12 alpha subunit,true,false,https://www.informatics.jax.org/nomen/,https://www.guidetopharmacology.org/GRAC/FamilyDisplayForward?familyId=81
Kv,mm-channel-modules-v1.0.0,2026-08-11T14:37:43+04:30,Mus musculus,Kcnb2,Kv2.2,pore-domain alpha,NC-IUPHAR Kv1-Kv12 alpha subunit,true,false,https://www.informatics.jax.org/nomen/,https://www.guidetopharmacology.org/GRAC/FamilyDisplayForward?familyId=81
Kv,mm-channel-modules-v1.0.0,2026-08-11T14:37:43+04:30,Mus musculus,Kcnc1,Kv3.1,pore-domain alpha,NC-IUPHAR Kv1-Kv12 alpha subunit,true,true,https://www.informatics.jax.org/nomen/,https://www.guidetopharmacology.org/GRAC/FamilyDisplayForward?familyId=81
Kv,mm-channel-modules-v1.0.0,2026-08-11T14:37:43+04:30,Mus musculus,Kcnc2,Kv3.2,pore-domain alpha,NC-IUPHAR Kv1-Kv12 alpha subunit,true,true,https://www.informatics.jax.org/nomen/,https://www.guidetopharmacology.org/GRAC/FamilyDisplayForward?familyId=81
Kv,mm-channel-modules-v1.0.0,2026-08-11T14:37:43+04:30,Mus musculus,Kcnc3,Kv3.3,pore-domain alpha,NC-IUPHAR Kv1-Kv12 alpha subunit,true,false,https://www.informatics.jax.org/nomen/,https://www.guidetopharmacology.org/GRAC/FamilyDisplayForward?familyId=81
Kv,mm-channel-modules-v1.0.0,2026-08-11T14:37:43+04:30,Mus musculus,Kcnc4,Kv3.4,pore-domain alpha,NC-IUPHAR Kv1-Kv12 alpha subunit,true,true,https://www.informatics.jax.org/nomen/,https://www.guidetopharmacology.org/GRAC/FamilyDisplayForward?familyId=81
Kv,mm-channel-modules-v1.0.0,2026-08-11T14:37:43+04:30,Mus musculus,Kcnd1,Kv4.1,pore-domain alpha,NC-IUPHAR Kv1-Kv12 alpha subunit,true,false,https://www.informatics.jax.org/nomen/,https://www.guidetopharmacology.org/GRAC/FamilyDisplayForward?familyId=81
Kv,mm-channel-modules-v1.0.0,2026-08-11T14:37:43+04:30,Mus musculus,Kcnd2,Kv4.2,pore-domain alpha,NC-IUPHAR Kv1-Kv12 alpha subunit,true,false,https://www.informatics.jax.org/nomen/,https://www.guidetopharmacology.org/GRAC/FamilyDisplayForward?familyId=81
Kv,mm-channel-modules-v1.0.0,2026-08-11T14:37:43+04:30,Mus musculus,Kcnd3,Kv4.3,pore-domain alpha,NC-IUPHAR Kv1-Kv12 alpha subunit,true,true,https://www.informatics.jax.org/nomen/,https://www.guidetopharmacology.org/GRAC/FamilyDisplayForward?familyId=81
Kv,mm-channel-modules-v1.0.0,2026-08-11T14:37:43+04:30,Mus musculus,Kcnf1,Kv5.1,heteromeric pore-domain alpha,NC-IUPHAR electrically silent Kv alpha subunit,true,true,https://www.informatics.jax.org/nomen/,https://www.guidetopharmacology.org/GRAC/FamilyDisplayForward?familyId=81
Kv,mm-channel-modules-v1.0.0,2026-08-11T14:37:43+04:30,Mus musculus,Kcng1,Kv6.1,heteromeric pore-domain alpha,NC-IUPHAR electrically silent Kv alpha subunit,true,true,https://www.informatics.jax.org/nomen/,https://www.guidetopharmacology.org/GRAC/FamilyDisplayForward?familyId=81
Kv,mm-channel-modules-v1.0.0,2026-08-11T14:37:43+04:30,Mus musculus,Kcng2,Kv6.2,heteromeric pore-domain alpha,NC-IUPHAR electrically silent Kv alpha subunit,true,false,https://www.informatics.jax.org/nomen/,https://www.guidetopharmacology.org/GRAC/FamilyDisplayForward?familyId=81
Kv,mm-channel-modules-v1.0.0,2026-08-11T14:37:43+04:30,Mus musculus,Kcng3,Kv6.3,heteromeric pore-domain alpha,NC-IUPHAR electrically silent Kv alpha subunit,true,false,https://www.informatics.jax.org/nomen/,https://www.guidetopharmacology.org/GRAC/FamilyDisplayForward?familyId=81
Kv,mm-channel-modules-v1.0.0,2026-08-11T14:37:43+04:30,Mus musculus,Kcng4,Kv6.4,heteromeric pore-domain alpha,NC-IUPHAR electrically silent Kv alpha subunit,true,false,https://www.informatics.jax.org/nomen/,https://www.guidetopharmacology.org/GRAC/FamilyDisplayForward?familyId=81
Kv,mm-channel-modules-v1.0.0,2026-08-11T14:37:43+04:30,Mus musculus,Kcnq1,Kv7.1,pore-domain alpha,NC-IUPHAR Kv1-Kv12 alpha subunit,true,false,https://www.informatics.jax.org/nomen/,https://www.guidetopharmacology.org/GRAC/FamilyDisplayForward?familyId=81
Kv,mm-channel-modules-v1.0.0,2026-08-11T14:37:43+04:30,Mus musculus,Kcnq2,Kv7.2,pore-domain alpha,NC-IUPHAR Kv1-Kv12 alpha subunit,true,false,https://www.informatics.jax.org/nomen/,https://www.guidetopharmacology.org/GRAC/FamilyDisplayForward?familyId=81
Kv,mm-channel-modules-v1.0.0,2026-08-11T14:37:43+04:30,Mus musculus,Kcnq3,Kv7.3,pore-domain alpha,NC-IUPHAR Kv1-Kv12 alpha subunit,true,false,https://www.informatics.jax.org/nomen/,https://www.guidetopharmacology.org/GRAC/FamilyDisplayForward?familyId=81
Kv,mm-channel-modules-v1.0.0,2026-08-11T14:37:43+04:30,Mus musculus,Kcnq4,Kv7.4,pore-domain alpha,NC-IUPHAR Kv1-Kv12 alpha subunit,true,false,https://www.informatics.jax.org/nomen/,https://www.guidetopharmacology.org/GRAC/FamilyDisplayForward?familyId=81
Kv,mm-channel-modules-v1.0.0,2026-08-11T14:37:43+04:30,Mus musculus,Kcnq5,Kv7.5,pore-domain alpha,NC-IUPHAR Kv1-Kv12 alpha subunit,true,true,https://www.informatics.jax.org/nomen/,https://www.guidetopharmacology.org/GRAC/FamilyDisplayForward?familyId=81
Kv,mm-channel-modules-v1.0.0,2026-08-11T14:37:43+04:30,Mus musculus,Kcns1,Kv9.1,heteromeric pore-domain alpha,NC-IUPHAR electrically silent Kv alpha subunit,true,false,https://www.informatics.jax.org/nomen/,https://www.guidetopharmacology.org/GRAC/FamilyDisplayForward?familyId=81
Kv,mm-channel-modules-v1.0.0,2026-08-11T14:37:43+04:30,Mus musculus,Kcns2,Kv9.2,heteromeric pore-domain alpha,NC-IUPHAR electrically silent Kv alpha subunit,true,false,https://www.informatics.jax.org/nomen/,https://www.guidetopharmacology.org/GRAC/FamilyDisplayForward?familyId=81
Kv,mm-channel-modules-v1.0.0,2026-08-11T14:37:43+04:30,Mus musculus,Kcns3,Kv9.3,heteromeric pore-domain alpha,NC-IUPHAR electrically silent Kv alpha subunit,true,true,https://www.informatics.jax.org/nomen/,https://www.guidetopharmacology.org/GRAC/FamilyDisplayForward?familyId=81
Kv,mm-channel-modules-v1.0.0,2026-08-11T14:37:43+04:30,Mus musculus,Kcnv1,Kv8.1,heteromeric pore-domain alpha,NC-IUPHAR electrically silent Kv alpha subunit,true,true,https://www.informatics.jax.org/nomen/,https://www.guidetopharmacology.org/GRAC/FamilyDisplayForward?familyId=81
Kv,mm-channel-modules-v1.0.0,2026-08-11T14:37:43+04:30,Mus musculus,Kcnv2,Kv8.2,heteromeric pore-domain alpha,NC-IUPHAR electrically silent Kv alpha subunit,true,false,https://www.informatics.jax.org/nomen/,https://www.guidetopharmacology.org/GRAC/FamilyDisplayForward?familyId=81
Kv,mm-channel-modules-v1.0.0,2026-08-11T14:37:43+04:30,Mus musculus,Kcnh1,Kv10.1,pore-domain alpha,NC-IUPHAR Kv1-Kv12 alpha subunit,true,true,https://www.informatics.jax.org/nomen/,https://www.guidetopharmacology.org/GRAC/FamilyDisplayForward?familyId=81
Kv,mm-channel-modules-v1.0.0,2026-08-11T14:37:43+04:30,Mus musculus,Kcnh2,Kv11.1,pore-domain alpha,NC-IUPHAR Kv1-Kv12 alpha subunit,true,false,https://www.informatics.jax.org/nomen/,https://www.guidetopharmacology.org/GRAC/FamilyDisplayForward?familyId=81
Kv,mm-channel-modules-v1.0.0,2026-08-11T14:37:43+04:30,Mus musculus,Kcnh3,Kv12.2,pore-domain alpha,NC-IUPHAR Kv1-Kv12 alpha subunit,true,true,https://www.informatics.jax.org/nomen/,https://www.guidetopharmacology.org/GRAC/FamilyDisplayForward?familyId=81
Kv,mm-channel-modules-v1.0.0,2026-08-11T14:37:43+04:30,Mus musculus,Kcnh4,Kv12.3,pore-domain alpha,NC-IUPHAR Kv1-Kv12 alpha subunit,true,false,https://www.informatics.jax.org/nomen/,https://www.guidetopharmacology.org/GRAC/FamilyDisplayForward?familyId=81
Kv,mm-channel-modules-v1.0.0,2026-08-11T14:37:43+04:30,Mus musculus,Kcnh5,Kv10.2,pore-domain alpha,NC-IUPHAR Kv1-Kv12 alpha subunit,true,false,https://www.informatics.jax.org/nomen/,https://www.guidetopharmacology.org/GRAC/FamilyDisplayForward?familyId=81
Kv,mm-channel-modules-v1.0.0,2026-08-11T14:37:43+04:30,Mus musculus,Kcnh6,Kv11.2,pore-domain alpha,NC-IUPHAR Kv1-Kv12 alpha subunit,true,false,https://www.informatics.jax.org/nomen/,https://www.guidetopharmacology.org/GRAC/FamilyDisplayForward?familyId=81
Kv,mm-channel-modules-v1.0.0,2026-08-11T14:37:43+04:30,Mus musculus,Kcnh7,Kv11.3,pore-domain alpha,NC-IUPHAR Kv1-Kv12 alpha subunit,true,true,https://www.informatics.jax.org/nomen/,https://www.guidetopharmacology.org/GRAC/FamilyDisplayForward?familyId=81
Kv,mm-channel-modules-v1.0.0,2026-08-11T14:37:43+04:30,Mus musculus,Kcnh8,Kv12.1,pore-domain alpha,NC-IUPHAR Kv1-Kv12 alpha subunit,true,false,https://www.informatics.jax.org/nomen/,https://www.guidetopharmacology.org/GRAC/FamilyDisplayForward?familyId=81
CaV,mm-channel-modules-v1.0.0,2026-08-11T14:37:43+04:30,Mus musculus,Cacna1s,CaV1.1,pore-forming alpha1,voltage-gated calcium-channel alpha1 subunit,true,false,https://www.informatics.jax.org/nomen/,https://www.guidetopharmacology.org/GRAC/FamilyDisplayForward?familyId=80
CaV,mm-channel-modules-v1.0.0,2026-08-11T14:37:43+04:30,Mus musculus,Cacna1c,CaV1.2,pore-forming alpha1,voltage-gated calcium-channel alpha1 subunit,true,false,https://www.informatics.jax.org/nomen/,https://www.guidetopharmacology.org/GRAC/FamilyDisplayForward?familyId=80
CaV,mm-channel-modules-v1.0.0,2026-08-11T14:37:43+04:30,Mus musculus,Cacna1d,CaV1.3,pore-forming alpha1,voltage-gated calcium-channel alpha1 subunit,true,false,https://www.informatics.jax.org/nomen/,https://www.guidetopharmacology.org/GRAC/FamilyDisplayForward?familyId=80
CaV,mm-channel-modules-v1.0.0,2026-08-11T14:37:43+04:30,Mus musculus,Cacna1f,CaV1.4,pore-forming alpha1,voltage-gated calcium-channel alpha1 subunit,true,false,https://www.informatics.jax.org/nomen/,https://www.guidetopharmacology.org/GRAC/FamilyDisplayForward?familyId=80
CaV,mm-channel-modules-v1.0.0,2026-08-11T14:37:43+04:30,Mus musculus,Cacna1a,CaV2.1,pore-forming alpha1,voltage-gated calcium-channel alpha1 subunit,true,false,https://www.informatics.jax.org/nomen/,https://www.guidetopharmacology.org/GRAC/FamilyDisplayForward?familyId=80
CaV,mm-channel-modules-v1.0.0,2026-08-11T14:37:43+04:30,Mus musculus,Cacna1b,CaV2.2,pore-forming alpha1,voltage-gated calcium-channel alpha1 subunit,true,false,https://www.informatics.jax.org/nomen/,https://www.guidetopharmacology.org/GRAC/FamilyDisplayForward?familyId=80
CaV,mm-channel-modules-v1.0.0,2026-08-11T14:37:43+04:30,Mus musculus,Cacna1e,CaV2.3,pore-forming alpha1,voltage-gated calcium-channel alpha1 subunit,true,true,https://www.informatics.jax.org/nomen/,https://www.guidetopharmacology.org/GRAC/FamilyDisplayForward?familyId=80
CaV,mm-channel-modules-v1.0.0,2026-08-11T14:37:43+04:30,Mus musculus,Cacna1g,CaV3.1,pore-forming alpha1,voltage-gated calcium-channel alpha1 subunit,true,true,https://www.informatics.jax.org/nomen/,https://www.guidetopharmacology.org/GRAC/FamilyDisplayForward?familyId=80
CaV,mm-channel-modules-v1.0.0,2026-08-11T14:37:43+04:30,Mus musculus,Cacna1h,CaV3.2,pore-forming alpha1,voltage-gated calcium-channel alpha1 subunit,true,true,https://www.informatics.jax.org/nomen/,https://www.guidetopharmacology.org/GRAC/FamilyDisplayForward?familyId=80
CaV,mm-channel-modules-v1.0.0,2026-08-11T14:37:43+04:30,Mus musculus,Cacna1i,CaV3.3,pore-forming alpha1,voltage-gated calcium-channel alpha1 subunit,true,false,https://www.informatics.jax.org/nomen/,https://www.guidetopharmacology.org/GRAC/FamilyDisplayForward?familyId=80
HCN,mm-channel-modules-v1.0.0,2026-08-11T14:37:43+04:30,Mus musculus,Hcn1,HCN1,pore-forming channel subunit,complete four-member HCN family,true,false,https://www.informatics.jax.org/nomen/,https://www.guidetopharmacology.org/GRAC/FamilyIntroductionForward?familyId=71
HCN,mm-channel-modules-v1.0.0,2026-08-11T14:37:43+04:30,Mus musculus,Hcn2,HCN2,pore-forming channel subunit,complete four-member HCN family,true,false,https://www.informatics.jax.org/nomen/,https://www.guidetopharmacology.org/GRAC/FamilyIntroductionForward?familyId=71
HCN,mm-channel-modules-v1.0.0,2026-08-11T14:37:43+04:30,Mus musculus,Hcn3,HCN3,pore-forming channel subunit,complete four-member HCN family,true,false,https://www.informatics.jax.org/nomen/,https://www.guidetopharmacology.org/GRAC/FamilyIntroductionForward?familyId=71
HCN,mm-channel-modules-v1.0.0,2026-08-11T14:37:43+04:30,Mus musculus,Hcn4,HCN4,pore-forming channel subunit,complete four-member HCN family,true,false,https://www.informatics.jax.org/nomen/,https://www.guidetopharmacology.org/GRAC/FamilyIntroductionForward?familyId=71
GABAA,mm-channel-modules-v1.0.0,2026-08-11T14:37:43+04:30,Mus musculus,Gabra1,GABA-A alpha1,receptor-forming subunit,Cys-loop GABA-A receptor subunit,true,false,https://www.informatics.jax.org/nomen/,https://www.guidetopharmacology.org/GRAC/FamilyDisplayForward?familyId=72
GABAA,mm-channel-modules-v1.0.0,2026-08-11T14:37:43+04:30,Mus musculus,Gabra2,GABA-A alpha2,receptor-forming subunit,Cys-loop GABA-A receptor subunit,true,true,https://www.informatics.jax.org/nomen/,https://www.guidetopharmacology.org/GRAC/FamilyDisplayForward?familyId=72
GABAA,mm-channel-modules-v1.0.0,2026-08-11T14:37:43+04:30,Mus musculus,Gabra3,GABA-A alpha3,receptor-forming subunit,Cys-loop GABA-A receptor subunit,true,false,https://www.informatics.jax.org/nomen/,https://www.guidetopharmacology.org/GRAC/FamilyDisplayForward?familyId=72
GABAA,mm-channel-modules-v1.0.0,2026-08-11T14:37:43+04:30,Mus musculus,Gabra4,GABA-A alpha4,receptor-forming subunit,Cys-loop GABA-A receptor subunit,true,true,https://www.informatics.jax.org/nomen/,https://www.guidetopharmacology.org/GRAC/FamilyDisplayForward?familyId=72
GABAA,mm-channel-modules-v1.0.0,2026-08-11T14:37:43+04:30,Mus musculus,Gabra5,GABA-A alpha5,receptor-forming subunit,Cys-loop GABA-A receptor subunit,true,true,https://www.informatics.jax.org/nomen/,https://www.guidetopharmacology.org/GRAC/FamilyDisplayForward?familyId=72
GABAA,mm-channel-modules-v1.0.0,2026-08-11T14:37:43+04:30,Mus musculus,Gabra6,GABA-A alpha6,receptor-forming subunit,Cys-loop GABA-A receptor subunit,true,false,https://www.informatics.jax.org/nomen/,https://www.guidetopharmacology.org/GRAC/FamilyDisplayForward?familyId=72
GABAA,mm-channel-modules-v1.0.0,2026-08-11T14:37:43+04:30,Mus musculus,Gabrb1,GABA-A beta1,receptor-forming subunit,Cys-loop GABA-A receptor subunit,true,true,https://www.informatics.jax.org/nomen/,https://www.guidetopharmacology.org/GRAC/FamilyDisplayForward?familyId=72
GABAA,mm-channel-modules-v1.0.0,2026-08-11T14:37:43+04:30,Mus musculus,Gabrb2,GABA-A beta2,receptor-forming subunit,Cys-loop GABA-A receptor subunit,true,true,https://www.informatics.jax.org/nomen/,https://www.guidetopharmacology.org/GRAC/FamilyDisplayForward?familyId=72
GABAA,mm-channel-modules-v1.0.0,2026-08-11T14:37:43+04:30,Mus musculus,Gabrb3,GABA-A beta3,receptor-forming subunit,Cys-loop GABA-A receptor subunit,true,false,https://www.informatics.jax.org/nomen/,https://www.guidetopharmacology.org/GRAC/FamilyDisplayForward?familyId=72
GABAA,mm-channel-modules-v1.0.0,2026-08-11T14:37:43+04:30,Mus musculus,Gabrg1,GABA-A gamma1,receptor-forming subunit,Cys-loop GABA-A receptor subunit,true,true,https://www.informatics.jax.org/nomen/,https://www.guidetopharmacology.org/GRAC/FamilyDisplayForward?familyId=72
GABAA,mm-channel-modules-v1.0.0,2026-08-11T14:37:43+04:30,Mus musculus,Gabrg2,GABA-A gamma2,receptor-forming subunit,Cys-loop GABA-A receptor subunit,true,false,https://www.informatics.jax.org/nomen/,https://www.guidetopharmacology.org/GRAC/FamilyDisplayForward?familyId=72
GABAA,mm-channel-modules-v1.0.0,2026-08-11T14:37:43+04:30,Mus musculus,Gabrg3,GABA-A gamma3,receptor-forming subunit,Cys-loop GABA-A receptor subunit,true,true,https://www.informatics.jax.org/nomen/,https://www.guidetopharmacology.org/GRAC/FamilyDisplayForward?familyId=72
GABAA,mm-channel-modules-v1.0.0,2026-08-11T14:37:43+04:30,Mus musculus,Gabrd,GABA-A delta,receptor-forming subunit,Cys-loop GABA-A receptor subunit,true,true,https://www.informatics.jax.org/nomen/,https://www.guidetopharmacology.org/GRAC/FamilyDisplayForward?familyId=72
GABAA,mm-channel-modules-v1.0.0,2026-08-11T14:37:43+04:30,Mus musculus,Gabre,GABA-A epsilon,receptor-forming subunit,Cys-loop GABA-A receptor subunit,true,false,https://www.informatics.jax.org/nomen/,https://www.guidetopharmacology.org/GRAC/FamilyDisplayForward?familyId=72
GABAA,mm-channel-modules-v1.0.0,2026-08-11T14:37:43+04:30,Mus musculus,Gabrp,GABA-A pi,receptor-forming subunit,Cys-loop GABA-A receptor subunit,true,false,https://www.informatics.jax.org/nomen/,https://www.guidetopharmacology.org/GRAC/FamilyDisplayForward?familyId=72
GABAA,mm-channel-modules-v1.0.0,2026-08-11T14:37:43+04:30,Mus musculus,Gabrq,GABA-A theta,receptor-forming subunit,Cys-loop GABA-A receptor subunit,true,false,https://www.informatics.jax.org/nomen/,https://www.guidetopharmacology.org/GRAC/FamilyDisplayForward?familyId=72
GABAA,mm-channel-modules-v1.0.0,2026-08-11T14:37:43+04:30,Mus musculus,Gabrr1,GABA-A rho1,receptor-forming subunit,Cys-loop GABA-A receptor subunit,true,false,https://www.informatics.jax.org/nomen/,https://www.guidetopharmacology.org/GRAC/FamilyDisplayForward?familyId=72
GABAA,mm-channel-modules-v1.0.0,2026-08-11T14:37:43+04:30,Mus musculus,Gabrr2,GABA-A rho2,receptor-forming subunit,Cys-loop GABA-A receptor subunit,true,false,https://www.informatics.jax.org/nomen/,https://www.guidetopharmacology.org/GRAC/FamilyDisplayForward?familyId=72
GABAA,mm-channel-modules-v1.0.0,2026-08-11T14:37:43+04:30,Mus musculus,Gabrr3,GABA-A rho3,receptor-forming subunit,Cys-loop GABA-A receptor subunit,true,false,https://www.informatics.jax.org/nomen/,https://www.guidetopharmacology.org/GRAC/FamilyDisplayForward?familyId=72
iGluR,mm-channel-modules-v1.0.0,2026-08-11T14:37:43+04:30,Mus musculus,Gria1,GluA1,receptor-forming subunit,AMPA receptor subunit,true,true,https://www.informatics.jax.org/nomen/,https://www.guidetopharmacology.org/GRAC/FamilyDisplayForward?familyId=75
iGluR,mm-channel-modules-v1.0.0,2026-08-11T14:37:43+04:30,Mus musculus,Gria2,GluA2,receptor-forming subunit,AMPA receptor subunit,true,false,https://www.informatics.jax.org/nomen/,https://www.guidetopharmacology.org/GRAC/FamilyDisplayForward?familyId=75
iGluR,mm-channel-modules-v1.0.0,2026-08-11T14:37:43+04:30,Mus musculus,Gria3,GluA3,receptor-forming subunit,AMPA receptor subunit,true,false,https://www.informatics.jax.org/nomen/,https://www.guidetopharmacology.org/GRAC/FamilyDisplayForward?familyId=75
iGluR,mm-channel-modules-v1.0.0,2026-08-11T14:37:43+04:30,Mus musculus,Gria4,GluA4,receptor-forming subunit,AMPA receptor subunit,true,false,https://www.informatics.jax.org/nomen/,https://www.guidetopharmacology.org/GRAC/FamilyDisplayForward?familyId=75
iGluR,mm-channel-modules-v1.0.0,2026-08-11T14:37:43+04:30,Mus musculus,Grik1,GluK1,receptor-forming subunit,kainate receptor subunit,true,true,https://www.informatics.jax.org/nomen/,https://www.guidetopharmacology.org/GRAC/FamilyDisplayForward?familyId=75
iGluR,mm-channel-modules-v1.0.0,2026-08-11T14:37:43+04:30,Mus musculus,Grik2,GluK2,receptor-forming subunit,kainate receptor subunit,true,false,https://www.informatics.jax.org/nomen/,https://www.guidetopharmacology.org/GRAC/FamilyDisplayForward?familyId=75
iGluR,mm-channel-modules-v1.0.0,2026-08-11T14:37:43+04:30,Mus musculus,Grik3,GluK3,receptor-forming subunit,kainate receptor subunit,true,true,https://www.informatics.jax.org/nomen/,https://www.guidetopharmacology.org/GRAC/FamilyDisplayForward?familyId=75
iGluR,mm-channel-modules-v1.0.0,2026-08-11T14:37:43+04:30,Mus musculus,Grik4,GluK4,receptor-forming subunit,kainate receptor subunit,true,true,https://www.informatics.jax.org/nomen/,https://www.guidetopharmacology.org/GRAC/FamilyDisplayForward?familyId=75
iGluR,mm-channel-modules-v1.0.0,2026-08-11T14:37:43+04:30,Mus musculus,Grik5,GluK5,receptor-forming subunit,kainate receptor subunit,true,false,https://www.informatics.jax.org/nomen/,https://www.guidetopharmacology.org/GRAC/FamilyDisplayForward?familyId=75
iGluR,mm-channel-modules-v1.0.0,2026-08-11T14:37:43+04:30,Mus musculus,Grin1,GluN1,receptor-forming subunit,NMDA receptor subunit,true,false,https://www.informatics.jax.org/nomen/,https://www.guidetopharmacology.org/GRAC/FamilyDisplayForward?familyId=75
iGluR,mm-channel-modules-v1.0.0,2026-08-11T14:37:43+04:30,Mus musculus,Grin2a,GluN2A,receptor-forming subunit,NMDA receptor subunit,true,true,https://www.informatics.jax.org/nomen/,https://www.guidetopharmacology.org/GRAC/FamilyDisplayForward?familyId=75
iGluR,mm-channel-modules-v1.0.0,2026-08-11T14:37:43+04:30,Mus musculus,Grin2b,GluN2B,receptor-forming subunit,NMDA receptor subunit,true,false,https://www.informatics.jax.org/nomen/,https://www.guidetopharmacology.org/GRAC/FamilyDisplayForward?familyId=75
iGluR,mm-channel-modules-v1.0.0,2026-08-11T14:37:43+04:30,Mus musculus,Grin2c,GluN2C,receptor-forming subunit,NMDA receptor subunit,true,false,https://www.informatics.jax.org/nomen/,https://www.guidetopharmacology.org/GRAC/FamilyDisplayForward?familyId=75
iGluR,mm-channel-modules-v1.0.0,2026-08-11T14:37:43+04:30,Mus musculus,Grin2d,GluN2D,receptor-forming subunit,NMDA receptor subunit,true,false,https://www.informatics.jax.org/nomen/,https://www.guidetopharmacology.org/GRAC/FamilyDisplayForward?familyId=75
iGluR,mm-channel-modules-v1.0.0,2026-08-11T14:37:43+04:30,Mus musculus,Grin3a,GluN3A,receptor-forming subunit,NMDA receptor subunit,true,true,https://www.informatics.jax.org/nomen/,https://www.guidetopharmacology.org/GRAC/FamilyDisplayForward?familyId=75
iGluR,mm-channel-modules-v1.0.0,2026-08-11T14:37:43+04:30,Mus musculus,Grin3b,GluN3B,receptor-forming subunit,NMDA receptor subunit,true,false,https://www.informatics.jax.org/nomen/,https://www.guidetopharmacology.org/GRAC/FamilyDisplayForward?familyId=75
