module,contrast_id,model_a,model_b,metric,point_delta,ci_low,ci_high,p_unadjusted,p_two_sided,p_bh,q_value,rank_bh,bh_resolved,family_n,family_label
NaV,XGBoost_minus_ElasticNet,XGBoost,ElasticNet,r2,0.0125060554566471,-0.000924065087941,0.0256606226081794,0.0671865626874625,0.0671865626874625,0.0825434913017396,0.0825434913017396,14,False,18,6 modules x 3 predeclared 23-feature model R2 contrasts
NaV,MLP_minus_ElasticNet,MLP,ElasticNet,r2,-0.0383922006964254,-0.060505570719901,-0.0166884766327585,0.0007998400319936,0.0007998400319936,0.0011074708135296,0.0011074708135296,13,True,18,6 modules x 3 predeclared 23-feature model R2 contrasts
NaV,MLP_minus_XGBoost,MLP,XGBoost,r2,-0.0508982561530726,-0.0710849566385292,-0.031524420149024,0.0003999200159968,0.0003999200159968,0.0005998800239952,0.0005998800239952,9,True,18,6 modules x 3 predeclared 23-feature model R2 contrasts
Kv,XGBoost_minus_ElasticNet,XGBoost,ElasticNet,r2,-0.0001375932238415,-0.0148722455845315,0.0154987255172,0.9942011597680463,0.9942011597680463,0.9942011597680463,0.9942011597680463,18,False,18,6 modules x 3 predeclared 23-feature model R2 contrasts
Kv,MLP_minus_ElasticNet,MLP,ElasticNet,r2,-0.061083005236755,-0.0896491270097249,-0.0333217193807904,0.0003999200159968,0.0003999200159968,0.0005998800239952,0.0005998800239952,7,True,18,6 modules x 3 predeclared 23-feature model R2 contrasts
Kv,MLP_minus_XGBoost,MLP,XGBoost,r2,-0.0609454120129134,-0.0867164065046943,-0.0367071947067086,0.0003999200159968,0.0003999200159968,0.0005998800239952,0.0005998800239952,8,True,18,6 modules x 3 predeclared 23-feature model R2 contrasts
CaV,XGBoost_minus_ElasticNet,XGBoost,ElasticNet,r2,0.0118881755300362,-0.000800188299672,0.024823941705128,0.0687862427514497,0.0687862427514497,0.0825434913017396,0.0825434913017396,15,False,18,6 modules x 3 predeclared 23-feature model R2 contrasts
CaV,MLP_minus_ElasticNet,MLP,ElasticNet,r2,-0.0589908710783348,-0.0844217715823315,-0.0353002447545508,0.0003999200159968,0.0003999200159968,0.0005998800239952,0.0005998800239952,1,True,18,6 modules x 3 predeclared 23-feature model R2 contrasts
CaV,MLP_minus_XGBoost,MLP,XGBoost,r2,-0.0708790466083711,-0.095445561975463,-0.0479635666922839,0.0003999200159968,0.0003999200159968,0.0005998800239952,0.0005998800239952,2,True,18,6 modules x 3 predeclared 23-feature model R2 contrasts
HCN,XGBoost_minus_ElasticNet,XGBoost,ElasticNet,r2,-0.0069567411411041,-0.0179398721186633,0.0037551702927098,0.2067586482703459,0.2067586482703459,0.2189209216980133,0.2189209216980133,17,False,18,6 modules x 3 predeclared 23-feature model R2 contrasts
HCN,MLP_minus_ElasticNet,MLP,ElasticNet,r2,-0.0530601527497247,-0.0728813878069305,-0.0330690716905048,0.0003999200159968,0.0003999200159968,0.0005998800239952,0.0005998800239952,5,True,18,6 modules x 3 predeclared 23-feature model R2 contrasts
HCN,MLP_minus_XGBoost,MLP,XGBoost,r2,-0.0461034116086206,-0.065672502037696,-0.0266076911103884,0.0003999200159968,0.0003999200159968,0.0005998800239952,0.0005998800239952,6,True,18,6 modules x 3 predeclared 23-feature model R2 contrasts
GABAA,XGBoost_minus_ElasticNet,XGBoost,ElasticNet,r2,0.0689177079323568,0.0522437674395334,0.0862845701254852,0.0003999200159968,0.0003999200159968,0.0005998800239952,0.0005998800239952,4,True,18,6 modules x 3 predeclared 23-feature model R2 contrasts
GABAA,MLP_minus_ElasticNet,MLP,ElasticNet,r2,0.0539950037580651,0.0301771806626709,0.0765919045548369,0.0003999200159968,0.0003999200159968,0.0005998800239952,0.0005998800239952,3,True,18,6 modules x 3 predeclared 23-feature model R2 contrasts
GABAA,MLP_minus_XGBoost,MLP,XGBoost,r2,-0.0149227041742917,-0.0369461258004637,0.0055796132804489,0.1615676864627074,0.1615676864627074,0.1817636472705459,0.1817636472705459,16,False,18,6 modules x 3 predeclared 23-feature model R2 contrasts
iGluR,XGBoost_minus_ElasticNet,XGBoost,ElasticNet,r2,0.0363058649174046,0.0206794667123496,0.0529569666386892,0.0003999200159968,0.0003999200159968,0.0005998800239952,0.0005998800239952,12,True,18,6 modules x 3 predeclared 23-feature model R2 contrasts
iGluR,MLP_minus_ElasticNet,MLP,ElasticNet,r2,-0.0520391177154988,-0.0793895337371778,-0.027757569623644,0.0003999200159968,0.0003999200159968,0.0005998800239952,0.0005998800239952,10,True,18,6 modules x 3 predeclared 23-feature model R2 contrasts
iGluR,MLP_minus_XGBoost,MLP,XGBoost,r2,-0.0883449826329034,-0.1166338803611548,-0.0640037126484823,0.0003999200159968,0.0003999200159968,0.0005998800239952,0.0005998800239952,11,True,18,6 modules x 3 predeclared 23-feature model R2 contrasts
