module,model,analysis,n,r2,mae,rmse,spearman
CaV,Dummy,dummy,3410,-0.0018879877459336836,0.73395746145963,0.9653466816541515,-0.03512513218447248
GABAA,Dummy,dummy,3410,-0.0014682766899041244,0.6335803339069435,0.7940000053241075,-0.03169557620531582
HCN,Dummy,dummy,3410,-0.000684779682668335,0.9323275478875738,1.1716760491678295,-0.023373224663595808
Kv,Dummy,dummy,3410,-0.002278965048328807,0.423275847055161,0.5527996600357725,-0.040684799566332225
NaV,Dummy,dummy,3410,-0.002972934626630286,0.6702661986907666,0.8760314848263495,-0.04292084711346155
iGluR,Dummy,dummy,3410,-0.0015551680562098102,0.7653455034048577,1.000468836956603,-0.01932969396561887
CaV,ElasticNet,ephys_only,3410,0.09388251659921709,0.6742327173987485,0.9180492461219503,0.3606502722237253
CaV,MLP,ephys_only,3410,0.03489164552088242,0.6962397799299338,0.947461913009886,0.3424139236453536
CaV,XGBoost,ephys_only,3410,0.10577069212925339,0.6625658631570649,0.912007002709577,0.3948440616189685
GABAA,ElasticNet,ephys_only,3410,0.26009820625675195,0.526475843113785,0.6824784569588248,0.5275179027916339
GABAA,MLP,ephys_only,3410,0.31409321001481705,0.5009556438801729,0.6571045251763306,0.5668902929107884
GABAA,XGBoost,ephys_only,3410,0.3290159141891088,0.49366324957899216,0.6499171793147669,0.5736110820409849
HCN,ElasticNet,ephys_only,3410,0.0637730432734408,0.9037794300232713,1.133311970641295,0.25647932648801586
HCN,MLP,ephys_only,3410,0.010712890523715934,0.9263998108004596,1.1649843207950272,0.22115150890152233
HCN,XGBoost,ephys_only,3410,0.05681630213233657,0.9059352312453263,1.1375147796315144,0.2484422201555091
Kv,ElasticNet,ephys_only,3410,0.04600198363992192,0.4131647564248616,0.539320831209689,0.2209101335110783
Kv,MLP,ephys_only,3410,-0.01508102159683311,0.4263353521050073,0.5563188984348352,0.21850498645277602
Kv,XGBoost,ephys_only,3410,0.04586439041608037,0.4100281631998673,0.5393597223892793,0.2263873103696068
NaV,ElasticNet,ephys_only,3410,0.12071794274617376,0.6326503908853293,0.8202367314753775,0.35492171140044854
NaV,MLP,ephys_only,3410,0.0823257420497483,0.6463019769048691,0.8379524651364026,0.34605643390516627
NaV,XGBoost,ephys_only,3410,0.13322399820282105,0.6260624603009047,0.8143827154719359,0.3797500089180275
iGluR,ElasticNet,ephys_only,3410,0.258473551267158,0.6122387353689333,0.8608538983019997,0.6016288065520979
iGluR,MLP,ephys_only,3410,0.20643443355165902,0.621765593223022,0.8905484149689175,0.5823898816848708
iGluR,XGBoost,ephys_only,3410,0.2947794161845626,0.5806052950152771,0.8395153037227558,0.6306226817158138
CaV,EphysSubclassRidge,ephys_plus_subclass,3410,0.1135690780569546,0.6620439263338112,0.9080215839480916,0.3990082999948029
GABAA,EphysSubclassRidge,ephys_plus_subclass,3410,0.318716440738925,0.4992074287013748,0.6548862337256334,0.5738597771547161
HCN,EphysSubclassRidge,ephys_plus_subclass,3410,0.05658890485522694,0.9067291604918442,1.1376518961736686,0.2477742388213409
Kv,EphysSubclassRidge,ephys_plus_subclass,3410,0.0645911864576465,0.4083466554642868,0.5340404929799178,0.26212755918989833
NaV,EphysSubclassRidge,ephys_plus_subclass,3410,0.13601012154262182,0.6258193893191862,0.8130728055641747,0.3876874613941624
iGluR,EphysSubclassRidge,ephys_plus_subclass,3410,0.3404635210111925,0.556986359551952,0.8118682135645191,0.6672844110616397
CaV,SubclassRidge,subclass_only,3410,0.1039667373901263,0.6641654879533498,0.9129264483365904,0.35125604262892623
GABAA,SubclassRidge,subclass_only,3410,0.17677111159270065,0.5509510234789315,0.719883480956789,0.39109368465282135
HCN,SubclassRidge,subclass_only,3410,0.04084461844305054,0.9100704195734971,1.1471055715795921,0.1708959437786816
Kv,SubclassRidge,subclass_only,3410,0.041547994377531206,0.4132452263320163,0.5405783453417452,0.179135478870965
NaV,SubclassRidge,subclass_only,3410,0.10190060680882507,0.6329379970706766,0.8289671288602474,0.30000042531854443
iGluR,SubclassRidge,subclass_only,3410,0.32659317225458584,0.5601322787018957,0.8203607721223177,0.6372049024806469
