module,model,analysis,fold,n,r2,mae,rmse,spearman
CaV,Dummy,dummy,0,1137,-0.00437809158590885,0.770399673440999,1.017439079691812,
CaV,Dummy,dummy,1,1136,-1.2412054922750215e-05,0.692762527236787,0.9140227577398561,
CaV,Dummy,dummy,2,1137,-0.005385909045564574,0.7386739524484895,0.9617577296171564,
CaV,ElasticNet,ephys_only,0,1137,0.11004976365987151,0.6987849758989626,0.957729049994653,0.3827458796395141
CaV,ElasticNet,ephys_only,1,1136,0.0986081860138126,0.6318208803702559,0.867782961560243,0.3853419363102395
CaV,ElasticNet,ephys_only,2,1137,0.06733601707652925,0.6920549943992973,0.926321813657581,0.31767955873272685
CaV,EphysSubclassRidge,ephys_plus_subclass,0,1137,0.1366934560084756,0.6803906651289772,0.9432836694825899,0.43568990187000767
CaV,EphysSubclassRidge,ephys_plus_subclass,1,1136,0.10165724730076586,0.6259095907771308,0.8663140305583195,0.4095604127206847
CaV,EphysSubclassRidge,ephys_plus_subclass,2,1137,0.09441325853460103,0.6797997426770698,0.9127762177701273,0.3675091842422747
CaV,MLP,ephys_only,0,1137,0.08448143213636305,0.7032117413354055,0.9713894395380687,0.38508672822369955
CaV,MLP,ephys_only,1,1136,0.0040118699588614914,0.6652017246953209,0.9121817839014384,0.34005013585558425
CaV,MLP,ephys_only,2,1137,0.0029361175060227396,0.7202785755574617,0.9577690100153412,0.3156113857490501
CaV,SubclassRidge,subclass_only,0,1137,0.12923505309867112,0.6821576242459699,0.9473495830976219,0.4414042450008289
CaV,SubclassRidge,subclass_only,1,1136,0.09602834623073842,0.6257016639036859,0.869023898856649,0.3834588252610108
CaV,SubclassRidge,subclass_only,2,1137,0.07876027495107452,0.6846033464895938,0.9206310471984275,0.33161378152437115
CaV,XGBoost,ephys_only,0,1137,0.12443484279590111,0.6871771772898154,0.9499571911056265,0.42152790350114777
CaV,XGBoost,ephys_only,1,1136,0.10262793463688091,0.6258777389280356,0.8658458644051861,0.4039365536933385
CaV,XGBoost,ephys_only,2,1137,0.08362005803184147,0.6746104057738106,0.9181995501887175,0.3701118870726143
GABAA,Dummy,dummy,0,1137,-0.004853692170876389,0.652424826867461,0.8213885755691376,
GABAA,Dummy,dummy,1,1136,-0.0007833536577233069,0.6080850857396788,0.767067363056562,
GABAA,Dummy,dummy,2,1137,-0.0020255463958513964,0.6402086658523299,0.7925903835530802,
GABAA,ElasticNet,ephys_only,0,1137,0.24393504145654243,0.5471482782490408,0.7124867576388088,0.5283535274554525
GABAA,ElasticNet,ephys_only,1,1136,0.2688111296591399,0.5033754370358712,0.655659343527034,0.5374677595664469
GABAA,ElasticNet,ephys_only,2,1137,0.26662836702421,0.5288834970766034,0.6780651993725627,0.5195391363101312
GABAA,EphysSubclassRidge,ephys_plus_subclass,0,1137,0.3092563531662089,0.5139390121144196,0.6810134532486057,0.5793010319033343
GABAA,EphysSubclassRidge,ephys_plus_subclass,1,1136,0.3401218793044709,0.47294606907001835,0.6228670152721638,0.5883098914638346
GABAA,EphysSubclassRidge,ephys_plus_subclass,2,1137,0.30638259271317536,0.5107141078575658,0.6594310518619093,0.5582021992585489
GABAA,MLP,ephys_only,0,1137,0.3216979960574221,0.5066192787463037,0.6748523924520242,0.5888758071612971
GABAA,MLP,ephys_only,1,1136,0.3142596552284199,0.4892316993478945,0.6349555434631273,0.5539921837558254
GABAA,MLP,ephys_only,2,1137,0.30336742899564584,0.5070056422494579,0.6608627752164359,0.5584766053167227
GABAA,SubclassRidge,subclass_only,0,1137,0.17439116697659274,0.5646049054687786,0.7445337806850624,0.4206567685612327
GABAA,SubclassRidge,subclass_only,1,1136,0.1880570026288514,0.5274747401241688,0.6909175728541871,0.4302210542550502
GABAA,SubclassRidge,subclass_only,2,1137,0.16583447329581147,0.5607527772771325,0.7231618727594186,0.40484879448871847
GABAA,XGBoost,ephys_only,0,1137,0.3153730154848937,0.506815057947607,0.6779914985504639,0.5826211867753721
GABAA,XGBoost,ephys_only,1,1136,0.3288335960691906,0.48165182903883824,0.6281719980869107,0.5642171826648994
GABAA,XGBoost,ephys_only,2,1137,0.341425228477359,0.49251229761637105,0.6425574255266685,0.5774295211663212
HCN,Dummy,dummy,0,1137,-0.0015490674148974648,0.9143983962421939,1.1625772433609747,
HCN,Dummy,dummy,1,1136,-4.990040595642675e-05,0.932709895267947,1.1671738369182079,
HCN,Dummy,dummy,2,1137,-0.002077495049790601,0.9498746884299604,1.1851516438839935,
HCN,ElasticNet,ephys_only,0,1137,0.05212500012766064,0.9021718794466972,1.1309964368672718,0.24152936826623952
HCN,ElasticNet,ephys_only,1,1136,0.0729172892843647,0.8905452145680316,1.123786859242131,0.2850980249295357
HCN,ElasticNet,ephys_only,2,1137,0.06460363602055819,0.9186095564636555,1.1450411846523192,0.24716055589736693
HCN,EphysSubclassRidge,ephys_plus_subclass,0,1137,0.045793783417443334,0.9050578593654675,1.134767327672879,0.23142099287964585
HCN,EphysSubclassRidge,ephys_plus_subclass,1,1136,0.069529490245262,0.8912723446456369,1.1258382901710229,0.2786012529597098
HCN,EphysSubclassRidge,ephys_plus_subclass,2,1137,0.052900520607586765,0.9238436830793393,1.1521819513515028,0.23688194957833658
HCN,MLP,ephys_only,0,1137,-0.001040610511540141,0.930786113430222,1.1622821028197092,0.22908208626468765
HCN,MLP,ephys_only,1,1136,0.051571575144696125,0.8933740283185818,1.1366506097549283,0.2604557382931287
HCN,MLP,ephys_only,2,1137,-0.01923509331864315,0.9550102442299875,1.1952546807383535,0.1813342841395133
HCN,SubclassRidge,subclass_only,0,1137,0.017836667307232323,0.911373173266662,1.1512709877309373,0.15399777618611088
HCN,SubclassRidge,subclass_only,1,1136,0.057217580801773193,0.8938448891966624,1.133262312306449,0.2311936250388904
HCN,SubclassRidge,subclass_only,2,1137,0.04555628816442314,0.9249789257819013,1.1566405912437003,0.184301302907955
HCN,XGBoost,ephys_only,0,1137,0.03282848628201107,0.9020864745852408,1.1424506539168444,0.226139700400823
HCN,XGBoost,ephys_only,1,1136,0.0704840832285677,0.8938283352374129,1.1252606291343739,0.2730936397630892
HCN,XGBoost,ephys_only,2,1137,0.06512377205548592,0.921880235807777,1.1447227848692612,0.25243518573103635
Kv,Dummy,dummy,0,1137,-0.007726589530185235,0.4335525186577151,0.5710000846870655,
Kv,Dummy,dummy,1,1136,-0.0020505184936665533,0.4182552626618234,0.5391861819811792,
Kv,Dummy,dummy,2,1137,-0.00219261260623016,0.41801534420443776,0.547710217485842,
Kv,ElasticNet,ephys_only,0,1137,0.03873188038782793,0.4253668389224417,0.557682585684654,0.20861703322027683
Kv,ElasticNet,ephys_only,1,1136,0.06281109520493922,0.40476604461913646,0.5214438076834,0.2536567548159686
Kv,ElasticNet,ephys_only,2,1137,0.03227031783421597,0.40935399900318636,0.5382106349804505,0.21586046290859703
Kv,EphysSubclassRidge,ephys_plus_subclass,0,1137,0.06145622307269949,0.419029508401334,0.5510513630081754,0.26060625733244924
Kv,EphysSubclassRidge,ephys_plus_subclass,1,1136,0.08612803159825222,0.3998237949737842,0.5149162803478641,0.29614753194145194
Kv,EphysSubclassRidge,ephys_plus_subclass,2,1137,0.04191507560068397,0.40617916709822544,0.5355219142582598,0.240281564599451
Kv,MLP,ephys_only,0,1137,-0.011131917549972004,0.4373654236328627,0.571964037957506,0.21285134608141312
Kv,MLP,ephys_only,1,1136,0.009578814158824889,0.4153205792254994,0.5360482790201109,0.25434612344416585
Kv,MLP,ephys_only,2,1137,-0.048882109366195525,0.42631036588156773,0.5603231721175852,0.20123976247025663
Kv,SubclassRidge,subclass_only,0,1137,0.028228372898022935,0.4262296112025893,0.5607211286114528,0.16547993327345986
Kv,SubclassRidge,subclass_only,1,1136,0.058429484248661456,0.4036214982463183,0.5226613315153935,0.23681007145659494
Kv,SubclassRidge,subclass_only,2,1137,0.0342602658398129,0.409876105406345,0.5376569874341307,0.19085812242806396
Kv,XGBoost,ephys_only,0,1137,0.029535140808656934,0.4254123627016783,0.5603439932566394,0.20569721382768885
Kv,XGBoost,ephys_only,1,1136,0.0870787675998107,0.3977429402392523,0.5146483670881417,0.28646900875138326
Kv,XGBoost,ephys_only,2,1137,0.018289760208355377,0.40691838171323547,0.5420843940368704,0.20632672306274571
NaV,Dummy,dummy,0,1137,-0.00999808614948039,0.6591186643254194,0.8697065577333727,
NaV,Dummy,dummy,1,1136,-0.005645380321967153,0.6804641593586058,0.8834977274240556,
NaV,Dummy,dummy,2,1137,-0.0005421446869990909,0.6712247415709204,0.8748413058642512,
NaV,ElasticNet,ephys_only,0,1137,0.09288991978314498,0.6320568137162625,0.8242187041853152,0.340167792627381
NaV,ElasticNet,ephys_only,1,1136,0.1230575739896963,0.6419305361880209,0.8250277303331353,0.3609373389881458
NaV,ElasticNet,ephys_only,2,1137,0.13931686778828833,0.6239719847088747,0.8113966918340887,0.38045310672379157
NaV,EphysSubclassRidge,ephys_plus_subclass,0,1137,0.10516372115077377,0.6270629653279945,0.8186236003393862,0.36667340246738
NaV,EphysSubclassRidge,ephys_plus_subclass,1,1136,0.13984603862463463,0.636448976169133,0.8170922704591712,0.39119460545845786
NaV,EphysSubclassRidge,ephys_plus_subclass,2,1137,0.15615631817760178,0.6139555752615301,0.8034199069256264,0.4141403603530307
NaV,MLP,ephys_only,0,1137,0.040669288331889875,0.6485361237588463,0.8476111154314738,0.32791318536908326
NaV,MLP,ephys_only,1,1136,0.08731106717592074,0.6551631977033325,0.8416749414587985,0.35344525801387766
NaV,MLP,ephys_only,2,1137,0.1115070990368523,0.6352144027623658,0.8244011101465594,0.3641112619940306
NaV,SubclassRidge,subclass_only,0,1137,0.07210363819709575,0.6316108477368063,0.8336086361872463,0.2907412158864359
NaV,SubclassRidge,subclass_only,1,1136,0.10980314987805295,0.6376876279334184,0.8312392309787439,0.3580751290695313
NaV,SubclassRidge,subclass_only,2,1137,0.11665315764209117,0.6295196928776562,0.8220102203682219,0.3427720143832046
NaV,XGBoost,ephys_only,0,1137,0.0839443887227308,0.6306531852701084,0.8282727797245771,0.3420713638709807
NaV,XGBoost,ephys_only,1,1136,0.15442701362398403,0.6300130955114595,0.810137163960712,0.40486092550857217
NaV,XGBoost,ephys_only,2,1137,0.15379011374585783,0.6175245747343484,0.8045455448682751,0.40528313913674824
iGluR,Dummy,dummy,0,1137,-0.004715382673595947,0.8229666924513044,1.089990580466381,
iGluR,Dummy,dummy,1,1136,-0.0013231379504414775,0.7284322850932297,0.9299179376806276,
iGluR,Dummy,dummy,2,1137,-0.0017628083935390393,0.7446050672185779,0.9746112374968994,
iGluR,ElasticNet,ephys_only,0,1137,0.26069148505390316,0.6499193130009838,0.9350053011180229,0.616669900134026
iGluR,ElasticNet,ephys_only,1,1136,0.3019780484190141,0.5698476046422943,0.7764116433619376,0.6279955433740014
iGluR,ElasticNet,ephys_only,2,1137,0.21320371891972045,0.6169120051471398,0.863734191649915,0.5648197807630544
iGluR,EphysSubclassRidge,ephys_plus_subclass,0,1137,0.33497016067217,0.5875566481762778,0.8867920379436223,0.6831843783066028
iGluR,EphysSubclassRidge,ephys_plus_subclass,1,1136,0.36675495699192473,0.5229001737059643,0.739508889115194,0.6806225286477499
iGluR,EphysSubclassRidge,ephys_plus_subclass,2,1137,0.3207965129116279,0.5604722777183406,0.8025071603609574,0.6409967247935481
iGluR,MLP,ephys_only,0,1137,0.23449756825492307,0.6460408716293545,0.9514248849208683,0.6073675557945379
iGluR,MLP,ephys_only,1,1136,0.22707520756361843,0.5897199545186423,0.8170076410619371,0.598236449706872
iGluR,MLP,ephys_only,2,1137,0.14953389752885515,0.6295077691422615,0.8980023367813741,0.5450762600111063
iGluR,SubclassRidge,subclass_only,0,1137,0.31186199155020067,0.5935726849107645,0.9020674085855739,0.6815841378499631
iGluR,SubclassRidge,subclass_only,1,1136,0.34650246383983896,0.5290216554925271,0.7512413363275469,0.673844087731822
iGluR,SubclassRidge,subclass_only,2,1137,0.32419986934505995,0.5577751336767057,0.8004940317785133,0.6589614763877734
iGluR,XGBoost,ephys_only,0,1137,0.30288703370995296,0.6128714448511174,0.9079309052846725,0.6502976477186242
iGluR,XGBoost,ephys_only,1,1136,0.3295891814481313,0.542052782087205,0.7609007396619877,0.6461183797808864
iGluR,XGBoost,ephys_only,2,1137,0.250219330073817,0.5868577508841772,0.8431718182220853,0.6010045950455619
