component_id,feature,component_size,members
C01,ap_1_downstroke_0_long_square,4,ap_1_downstroke_0_long_square|ap_1_downstroke_short_square|ap_1_width_0_long_square|ap_1_width_short_square
C01,ap_1_downstroke_short_square,4,ap_1_downstroke_0_long_square|ap_1_downstroke_short_square|ap_1_width_0_long_square|ap_1_width_short_square
C01,ap_1_width_0_long_square,4,ap_1_downstroke_0_long_square|ap_1_downstroke_short_square|ap_1_width_0_long_square|ap_1_width_short_square
C01,ap_1_width_short_square,4,ap_1_downstroke_0_long_square|ap_1_downstroke_short_square|ap_1_width_0_long_square|ap_1_width_short_square
C02,ap_1_fast_trough_v_0_long_square,1,ap_1_fast_trough_v_0_long_square
C03,ap_1_fast_trough_v_short_square,1,ap_1_fast_trough_v_short_square
C04,ap_1_peak_v_0_long_square,1,ap_1_peak_v_0_long_square
C05,ap_1_peak_v_short_square,1,ap_1_peak_v_short_square
C06,ap_1_threshold_v_0_long_square,1,ap_1_threshold_v_0_long_square
C07,ap_1_threshold_v_short_square,1,ap_1_threshold_v_short_square
C08,ap_1_upstroke_0_long_square,1,ap_1_upstroke_0_long_square
C09,ap_1_upstroke_downstroke_ratio_0_long_square,2,ap_1_upstroke_downstroke_ratio_0_long_square|ap_1_upstroke_downstroke_ratio_short_square
C09,ap_1_upstroke_downstroke_ratio_short_square,2,ap_1_upstroke_downstroke_ratio_0_long_square|ap_1_upstroke_downstroke_ratio_short_square
C10,ap_1_upstroke_short_square,1,ap_1_upstroke_short_square
C11,avg_rate_0_long_square,1,avg_rate_0_long_square
C12,input_resistance,1,input_resistance
C13,latency_0_long_square,1,latency_0_long_square
C14,rheobase_i,1,rheobase_i
C15,sag_measured_at,1,sag_measured_at
C16,sag_nearest_minus_100,1,sag_nearest_minus_100
C17,short_square_current,1,short_square_current
C18,tau,1,tau
C19,v_baseline,1,v_baseline
