module,fold,component_id,abs_coefficient
CaV,0,C01,0.26844817760449313
CaV,0,C02,0.2213645861137195
CaV,0,C03,0.10487626369326704
CaV,0,C04,0.011702407808734851
CaV,0,C05,0.026377364360813626
CaV,0,C06,0.07102629042128944
CaV,0,C07,0.0071549348129381395
CaV,0,C08,0.14529639499133085
CaV,0,C09,0.2191386976863977
CaV,0,C10,0.042387620219444214
CaV,0,C11,0.03429136187927487
CaV,0,C12,0.08036962827773254
CaV,0,C13,0.044266041103221174
CaV,0,C14,0.12839462559735274
CaV,0,C15,0.15387444817126997
CaV,0,C16,0.0005057291911590082
CaV,0,C17,0.06676687298929919
CaV,0,C18,0.1296500572369625
CaV,0,C19,0.11465407295530944
CaV,1,C01,0.13165466002780876
CaV,1,C02,0.18427134035935747
CaV,1,C03,0.06962140202008525
CaV,1,C04,0.11187884048631046
CaV,1,C05,0.0
CaV,1,C06,0.145150900722847
CaV,1,C07,0.032989036217562995
CaV,1,C08,0.0
CaV,1,C09,0.13205085660523685
CaV,1,C10,0.021763404480093167
CaV,1,C11,0.04260417079989019
CaV,1,C12,0.0005701177198467875
CaV,1,C13,0.0
CaV,1,C14,0.1190800330724814
CaV,1,C15,0.10281693971117463
CaV,1,C16,0.0
CaV,1,C17,0.07547598497039767
CaV,1,C18,0.16329574827284768
CaV,1,C19,0.08370776051376903
CaV,2,C01,0.11963757006302
CaV,2,C02,0.0009098379312774715
CaV,2,C03,0.006851985521355937
CaV,2,C04,0.06293900057213728
CaV,2,C05,0.0
CaV,2,C06,0.06468511517409531
CaV,2,C07,0.023837380830709486
CaV,2,C08,0.0
CaV,2,C09,0.04176991851170064
CaV,2,C10,0.0
CaV,2,C11,0.06426813483683286
CaV,2,C12,0.000842005043708509
CaV,2,C13,0.0010954221068062838
CaV,2,C14,0.11627927370896834
CaV,2,C15,0.032286207253915906
CaV,2,C16,0.0013386470081812416
CaV,2,C17,0.08818252217869421
CaV,2,C18,0.12018970595885267
CaV,2,C19,0.0
GABAA,0,C01,0.34458917590746985
GABAA,0,C02,0.20469965405790344
GABAA,0,C03,0.005971976284726321
GABAA,0,C04,0.0884195070796902
GABAA,0,C05,0.07378924926520553
GABAA,0,C06,0.2881069368143092
GABAA,0,C07,0.0898516919733538
GABAA,0,C08,0.3193895524922669
GABAA,0,C09,0.2490061083397272
GABAA,0,C10,0.04308310146981051
GABAA,0,C11,0.01780665311528097
GABAA,0,C12,0.06619043672931345
GABAA,0,C13,0.0018905120040437625
GABAA,0,C14,0.027790521542497667
GABAA,0,C15,0.0192272069442901
GABAA,0,C16,0.032510996218123416
GABAA,0,C17,0.01952758752420207
GABAA,0,C18,0.20698809677562457
GABAA,0,C19,0.09196445442717886
GABAA,1,C01,0.019407780648833896
GABAA,1,C02,0.17471429194145857
GABAA,1,C03,0.0
GABAA,1,C04,0.0
GABAA,1,C05,0.061425683867600736
GABAA,1,C06,0.28327122402900007
GABAA,1,C07,0.04303244747833469
GABAA,1,C08,0.0845485085594305
GABAA,1,C09,0.03893130642924125
GABAA,1,C10,0.007492576472856487
GABAA,1,C11,0.002906282420563732
GABAA,1,C12,0.03867198010337912
GABAA,1,C13,0.004042894678237573
GABAA,1,C14,0.0
GABAA,1,C15,0.0
GABAA,1,C16,0.005286219672034324
GABAA,1,C17,0.0021199031388880033
GABAA,1,C18,0.20478505639548916
GABAA,1,C19,0.07817611531102837
GABAA,2,C01,0.40886454238721476
GABAA,2,C02,0.2634091380933778
GABAA,2,C03,0.057022746208696275
GABAA,2,C04,0.04115224692130401
GABAA,2,C05,0.07837468011869494
GABAA,2,C06,0.30230567256023116
GABAA,2,C07,0.05889672901315662
GABAA,2,C08,0.2939065307315451
GABAA,2,C09,0.25021205176303196
GABAA,2,C10,0.032505777110114605
GABAA,2,C11,0.025670383235502886
GABAA,2,C12,0.02817962326976642
GABAA,2,C13,0.018614342071825777
GABAA,2,C14,0.05519429352298064
GABAA,2,C15,0.04886752984471945
GABAA,2,C16,0.027204561286063612
GABAA,2,C17,0.006043955569544132
GABAA,2,C18,0.2145823940695337
GABAA,2,C19,0.1544120471725725
HCN,0,C01,0.4543634930685324
HCN,0,C02,0.1419655421918266
HCN,0,C03,0.07672553660131481
HCN,0,C04,0.03494080513282304
HCN,0,C05,0.049025475065584655
HCN,0,C06,0.181812044162841
HCN,0,C07,0.0742740837949804
HCN,0,C08,0.07677762973811737
HCN,0,C09,0.07195569865154804
HCN,0,C10,0.058498405094798075
HCN,0,C11,0.017827364661143763
HCN,0,C12,0.030743408562336892
HCN,0,C13,0.008902803674120947
HCN,0,C14,0.08318015634368559
HCN,0,C15,0.011981302391531027
HCN,0,C16,0.03932284054874828
HCN,0,C17,0.04633294184385856
HCN,0,C18,0.06413909746756835
HCN,0,C19,0.031000465198418974
HCN,1,C01,0.08852883994583292
HCN,1,C02,0.17722458023334578
HCN,1,C03,0.02048354491144573
HCN,1,C04,0.004165737832536103
HCN,1,C05,0.04935242733900633
HCN,1,C06,0.21386741143999355
HCN,1,C07,0.0
HCN,1,C08,0.0
HCN,1,C09,0.004203896091262479
HCN,1,C10,0.0
HCN,1,C11,0.006380025817323617
HCN,1,C12,0.05371957078369509
HCN,1,C13,0.02370225754436023
HCN,1,C14,0.047954129674830766
HCN,1,C15,0.01636939045663573
HCN,1,C16,0.0676734694287095
HCN,1,C17,0.016729340021336223
HCN,1,C18,0.0
HCN,1,C19,0.008059719585869506
HCN,2,C01,0.10742678192453774
HCN,2,C02,0.19914474346891312
HCN,2,C03,0.011901604513152586
HCN,2,C04,0.005504822484180083
HCN,2,C05,0.049468572898858004
HCN,2,C06,0.18271279601773363
HCN,2,C07,0.10515920810701847
HCN,2,C08,0.06846294039945085
HCN,2,C09,0.02132646152821819
HCN,2,C10,0.10712941931891393
HCN,2,C11,0.006040116161425862
HCN,2,C12,0.0
HCN,2,C13,0.04468543189983796
HCN,2,C14,0.0422646556928134
HCN,2,C15,0.0537325323270172
HCN,2,C16,0.048094739344160586
HCN,2,C17,0.019392751847176006
HCN,2,C18,0.03502249069217103
HCN,2,C19,0.02677211312414043
Kv,0,C01,0.15246842255728724
Kv,0,C02,0.08065461827076845
Kv,0,C03,0.02191416643760407
Kv,0,C04,0.03837524760340141
Kv,0,C05,0.015562440217287922
Kv,0,C06,0.005920712681356353
Kv,0,C07,0.012387857456499892
Kv,0,C08,0.0
Kv,0,C09,0.10699613219958162
Kv,0,C10,0.05359039196918499
Kv,0,C11,0.02682068338460771
Kv,0,C12,0.0628863247940147
Kv,0,C13,0.0013637553058271346
Kv,0,C14,0.05187427398320071
Kv,0,C15,0.05171321361242548
Kv,0,C16,0.011913799512402031
Kv,0,C17,0.06238541389494339
Kv,0,C18,0.0290051581247751
Kv,0,C19,0.015732782950341643
Kv,1,C01,0.0549271093333943
Kv,1,C02,0.03288564349205178
Kv,1,C03,0.0
Kv,1,C04,0.04317070523898532
Kv,1,C05,0.0
Kv,1,C06,0.0025656962518877755
Kv,1,C07,0.0
Kv,1,C08,0.0
Kv,1,C09,0.07808445430885338
Kv,1,C10,0.01898106502021158
Kv,1,C11,0.017002257233385835
Kv,1,C12,0.040165302697410595
Kv,1,C13,0.02589848516682247
Kv,1,C14,0.009250049622472884
Kv,1,C15,0.0651756664003764
Kv,1,C16,0.006646419747600474
Kv,1,C17,0.08297320579913145
Kv,1,C18,9.099226338612969e-05
Kv,1,C19,0.02754489698830423
Kv,2,C01,0.001498730377977606
Kv,2,C02,0.0
Kv,2,C03,0.0
Kv,2,C04,0.0
Kv,2,C05,0.0
Kv,2,C06,0.0
Kv,2,C07,0.0
Kv,2,C08,0.0
Kv,2,C09,0.024432453694135922
Kv,2,C10,0.0
Kv,2,C11,0.0
Kv,2,C12,0.0
Kv,2,C13,0.0
Kv,2,C14,0.0
Kv,2,C15,0.0
Kv,2,C16,0.0
Kv,2,C17,0.05016524573158833
Kv,2,C18,0.0
Kv,2,C19,0.0
NaV,0,C01,0.2811446415741142
NaV,0,C02,0.06446449345234093
NaV,0,C03,0.023571694686053576
NaV,0,C04,0.056878368659092154
NaV,0,C05,0.010701014357569783
NaV,0,C06,0.19497335700504276
NaV,0,C07,0.026515313275150533
NaV,0,C08,0.10268017130828092
NaV,0,C09,0.03699308226640069
NaV,0,C10,0.0
NaV,0,C11,0.0029117811708368477
NaV,0,C12,0.1510985416559618
NaV,0,C13,0.0273166738046223
NaV,0,C14,0.11679297778096404
NaV,0,C15,0.06870847312854617
NaV,0,C16,0.06335052248289498
NaV,0,C17,0.13329642280615445
NaV,0,C18,0.21894985891060287
NaV,0,C19,0.024254248102982188
NaV,1,C01,0.5777297829043561
NaV,1,C02,0.03210529517532236
NaV,1,C03,0.012220072164085263
NaV,1,C04,0.1320289773352679
NaV,1,C05,0.06556733601817431
NaV,1,C06,0.14780533273383972
NaV,1,C07,0.015899770157541668
NaV,1,C08,0.23762446873262852
NaV,1,C09,0.15062420001786453
NaV,1,C10,0.04381126288704435
NaV,1,C11,0.0031785736190984362
NaV,1,C12,0.14551665642590653
NaV,1,C13,0.005902764922310197
NaV,1,C14,0.08968394990228136
NaV,1,C15,0.05410994436605855
NaV,1,C16,0.05135150432044319
NaV,1,C17,0.12286006173639012
NaV,1,C18,0.20845308282604852
NaV,1,C19,0.0372833938914715
NaV,2,C01,0.11599084469122706
NaV,2,C02,0.040598734440639064
NaV,2,C03,0.0
NaV,2,C04,0.0076265499012641335
NaV,2,C05,0.0
NaV,2,C06,0.10501844482922729
NaV,2,C07,0.010075318933767003
NaV,2,C08,0.013857200751282679
NaV,2,C09,0.08803367237583351
NaV,2,C10,0.0018120726657083273
NaV,2,C11,0.0
NaV,2,C12,0.012795618733139563
NaV,2,C13,0.017826240777950367
NaV,2,C14,0.05842000299897946
NaV,2,C15,0.0
NaV,2,C16,0.07692953120424276
NaV,2,C17,0.025589161005534725
NaV,2,C18,0.11600696180849829
NaV,2,C19,0.004111572761837481
iGluR,0,C01,0.33280031305697916
iGluR,0,C02,0.05653752201952002
iGluR,0,C03,0.11577571372440017
iGluR,0,C04,0.13864853704152877
iGluR,0,C05,0.060494574393190614
iGluR,0,C06,0.08457011121157808
iGluR,0,C07,0.0461060076242998
iGluR,0,C08,0.07401272802370161
iGluR,0,C09,0.3777537655322637
iGluR,0,C10,0.04981786639483459
iGluR,0,C11,0.022379231819020597
iGluR,0,C12,0.05011381382904284
iGluR,0,C13,0.03147814675655231
iGluR,0,C14,0.13235193435822934
iGluR,0,C15,0.1292182734675553
iGluR,0,C16,0.048648032023515614
iGluR,0,C17,0.24437719072466044
iGluR,0,C18,0.20098764348731762
iGluR,0,C19,0.007177447320116531
iGluR,1,C01,0.42347010024829956
iGluR,1,C02,0.028976856787596143
iGluR,1,C03,0.13247075427027008
iGluR,1,C04,0.16731309200941322
iGluR,1,C05,0.06378782478600065
iGluR,1,C06,0.15574868101291317
iGluR,1,C07,0.07163700865498956
iGluR,1,C08,0.13419103639041524
iGluR,1,C09,0.4043391913351765
iGluR,1,C10,0.041137624639190455
iGluR,1,C11,0.020759869853786854
iGluR,1,C12,0.04031957652781063
iGluR,1,C13,0.015363220673515341
iGluR,1,C14,0.14756323813062042
iGluR,1,C15,0.14545698387456818
iGluR,1,C16,0.033051354299852474
iGluR,1,C17,0.22279999423255226
iGluR,1,C18,0.2179827460425587
iGluR,1,C19,0.04741737679453359
iGluR,2,C01,0.280750839861656
iGluR,2,C02,0.06380421509530658
iGluR,2,C03,0.09292801114494607
iGluR,2,C04,0.15138251581929008
iGluR,2,C05,0.04342923409156907
iGluR,2,C06,0.08776818204493217
iGluR,2,C07,0.051877686571446986
iGluR,2,C08,0.01856030498152609
iGluR,2,C09,0.4665553274374201
iGluR,2,C10,0.0
iGluR,2,C11,0.04581284737995537
iGluR,2,C12,0.018286707217893976
iGluR,2,C13,0.0
iGluR,2,C14,0.1627226637709375
iGluR,2,C15,0.08948674191672772
iGluR,2,C16,0.06509095464849553
iGluR,2,C17,0.25859502695962877
iGluR,2,C18,0.18075027753781264
iGluR,2,C19,0.010457143955042662
