module,model,n,feature23_r2,feature23_mae,feature23_rmse,feature23_spearman,feature24_r2,feature24_mae,feature24_rmse,feature24_spearman,delta_r2,delta_mae,delta_rmse,delta_spearman,positive_delta_means,comparison_note
NaV,ElasticNet,3410,0.12071794274617365,0.6326503908853293,0.8202367314753775,0.35492171140044854,0.1208140768111613,0.6326349863176424,0.8201918910023996,0.35494571635314964,-9.613406498765187e-05,-1.5404567686894133e-05,-4.4840472977814017e-05,-2.4004952701106586e-05,23-feature model improves the metric,nested-tuned estimand; Robustness V2 fixed-HP result isolates pure removal
NaV,XGBoost,3410,0.13322399820282083,0.6260624603009047,0.8143827154719359,0.3797500089180275,0.12937290520713607,0.6269232331991024,0.8161898649955764,0.37808341650369526,0.0038510929956847573,0.000860772898197637,0.0018071495236405832,0.0016665924143322575,23-feature model improves the metric,nested-tuned estimand; Robustness V2 fixed-HP result isolates pure removal
NaV,MLP,3410,0.08232574204974819,0.6463019769048691,0.8379524651364026,0.34605643390516627,0.09244012713193983,0.644434432060424,0.8333218149825172,0.35944000661964715,-0.010114385082191646,-0.0018675448444451792,-0.004630650153885418,-0.013383572714480874,23-feature model improves the metric,nested-tuned estimand; Robustness V2 fixed-HP result isolates pure removal
Kv,ElasticNet,3410,0.04600198363992192,0.41316475642486167,0.539320831209689,0.2209101335110783,0.04600472198492778,0.4131639227174556,0.5393200571789578,0.2209317624818549,-2.738345005859344e-06,-8.33707406056039e-07,-7.740307311765449e-07,-2.162897077659376e-05,23-feature model improves the metric,nested-tuned estimand; Robustness V2 fixed-HP result isolates pure removal
Kv,XGBoost,3410,0.04586439041608037,0.41002816319986735,0.5393597223892793,0.2263873103696068,0.049010133507402576,0.40940275317855473,0.5384698657016208,0.230771852164257,-0.003145743091322206,-0.0006254100213126113,-0.0008898566876585079,-0.0043845417946501986,23-feature model improves the metric,nested-tuned estimand; Robustness V2 fixed-HP result isolates pure removal
Kv,MLP,3410,-0.01508102159683311,0.4263353521050073,0.5563188984348352,0.21850498645277602,0.004387541328460531,0.4197266304608164,0.550958161306459,0.23140496717020467,-0.019468562925293642,-0.006608721644190907,-0.005360737128376147,-0.01289998071742865,23-feature model improves the metric,nested-tuned estimand; Robustness V2 fixed-HP result isolates pure removal
CaV,ElasticNet,3410,0.09388251659921698,0.6742327173987485,0.9180492461219503,0.3606502722237253,0.09380137483881368,0.6742105885272729,0.9180903503196596,0.3607058644801249,8.114176040330268e-05,-2.2128871475568523e-05,4.11041977093074e-05,-5.559225639961696e-05,23-feature model improves the metric,nested-tuned estimand; Robustness V2 fixed-HP result isolates pure removal
CaV,XGBoost,3410,0.10577069212925327,0.6625658631570649,0.912007002709577,0.3948440616189685,0.10546430177411359,0.6624791977090871,0.9121632300976519,0.39574948427941414,0.00030639035513968516,-8.666544797775177e-05,0.0001562273880748588,-0.0009054226604456317,23-feature model improves the metric,nested-tuned estimand; Robustness V2 fixed-HP result isolates pure removal
CaV,MLP,3410,0.034891645520882086,0.6962397799299338,0.947461913009886,0.3424139236453536,0.04804920954919234,0.6918714565373929,0.9409812562698179,0.3526460769369799,-0.013157564028310254,-0.004368323392540896,-0.006480656740068147,-0.0102321532916263,23-feature model improves the metric,nested-tuned estimand; Robustness V2 fixed-HP result isolates pure removal
HCN,ElasticNet,3410,0.06377304327344069,0.9037794300232713,1.1333119706412953,0.25647932648801586,0.06377841286160224,0.9037793959199082,1.1333087206669046,0.2564860374046429,-5.369588161552308e-06,-3.4103363133475284e-08,-3.2499743907177248e-06,-6.710916627017394e-06,23-feature model improves the metric,nested-tuned estimand; Robustness V2 fixed-HP result isolates pure removal
HCN,XGBoost,3410,0.05681630213233657,0.9059352312453263,1.1375147796315144,0.2484422201555091,0.06066995159357469,0.9046970859020486,1.1351885784910722,0.251763052617447,-0.003853649461238118,-0.0012381453432777079,-0.00232620114044213,-0.003320832461937928,23-feature model improves the metric,nested-tuned estimand; Robustness V2 fixed-HP result isolates pure removal
HCN,MLP,3410,0.010712890523715934,0.9263998108004596,1.1649843207950272,0.22115150890152233,0.009982095352769282,0.9275716693367577,1.1654145334896295,0.2171082647565209,0.000730795170946652,0.0011718585362980871,0.0004302126946023055,0.004043244145001429,23-feature model improves the metric,nested-tuned estimand; Robustness V2 fixed-HP result isolates pure removal
GABAA,ElasticNet,3410,0.26009820625675195,0.526475843113785,0.6824784569588248,0.5275179027916339,0.2600972587521323,0.5264767233395526,0.6824788939433606,0.5275183673352841,9.475046196527614e-07,8.802257676077119e-07,4.369845357787838e-07,-4.6454365021375565e-07,23-feature model improves the metric,nested-tuned estimand; Robustness V2 fixed-HP result isolates pure removal
GABAA,XGBoost,3410,0.3290159141891088,0.49366324957899216,0.6499171793147669,0.5736110820409849,0.32983180044359894,0.49461671558362025,0.6495219241999068,0.5750170083313717,-0.0008158862544901391,0.0009534660046280896,-0.00039525511486004916,-0.0014059262903868275,23-feature model improves the metric,nested-tuned estimand; Robustness V2 fixed-HP result isolates pure removal
GABAA,MLP,3410,0.31409321001481705,0.5009556438801729,0.6571045251763306,0.5668902929107884,0.32589196952361654,0.49714593603034435,0.6514283534819209,0.5754905238781084,-0.011798759508799495,-0.0038097078498285364,-0.005676171694409704,-0.008600230967319988,23-feature model improves the metric,nested-tuned estimand; Robustness V2 fixed-HP result isolates pure removal
iGluR,ElasticNet,3410,0.258473551267158,0.6122387353689335,0.8608538983019998,0.6016288065520979,0.2584866951548195,0.6122199544109637,0.8608462687581765,0.6016010546841666,-1.3143887661493103e-05,-1.8780957969810608e-05,-7.629543823273188e-06,2.77518679313582e-05,23-feature model improves the metric,nested-tuned estimand; Robustness V2 fixed-HP result isolates pure removal
iGluR,XGBoost,3410,0.2947794161845626,0.5806052950152771,0.8395153037227558,0.6306226817158138,0.2940973798882238,0.5802814103836071,0.8399211636405307,0.6309952560606473,0.0006820362963387838,-0.0003238846316699906,0.0004058599177748645,-0.0003725743448335095,23-feature model improves the metric,nested-tuned estimand; Robustness V2 fixed-HP result isolates pure removal
iGluR,MLP,3410,0.20643443355165914,0.6217655932230219,0.8905484149689175,0.5823898816848708,0.2255818109955965,0.6191794990864158,0.8797391106413953,0.5906062465849483,-0.019147377443937352,-0.002586094136606154,-0.01080930432752214,-0.008216364900077489,23-feature model improves the metric,nested-tuned estimand; Robustness V2 fixed-HP result isolates pure removal
