module,model,top_decile_n,top_decile_observed_mean,top_decile_observed_median,overall_observed_mean,top_decile_mean_difference,top_decile_mean_ratio,top_decile_mean_observed_percentile
CaV,ElasticNet,341,4.749499350389491,4.910555217615374,4.278651205699307,0.47084814469018355,1.1100459285073292,0.6618802727874717
CaV,MLP,341,4.68667955466955,4.874477994418232,4.278651205699307,0.40802834897024276,1.0953637792271393,0.6480525623274654
CaV,XGBoost,341,4.812627918038841,4.93730504279362,4.278651205699307,0.533976712339534,1.1248002435039013,0.6863933058711226
GABAA,ElasticNet,341,3.8909199485995134,3.949924651751059,3.3855423904845456,0.5053775581149678,1.1492752120119332,0.7055520678356739
GABAA,MLP,341,3.9137770851993623,3.991174673947196,3.3855423904845456,0.5282346947148167,1.1560266077894876,0.7139575683043661
GABAA,XGBoost,341,3.9432400127697274,4.002734080428679,3.3855423904845456,0.5576976222851817,1.1647291801315662,0.7185103327284766
HCN,ElasticNet,341,4.088539907723478,4.010350424491759,3.6429834118614184,0.44555649586205925,1.1223053869560162,0.6163913279039568
HCN,MLP,341,4.08758585877598,4.054667618380997,3.6429834118614184,0.4446024469145615,1.1220435002440452,0.6134880160989328
HCN,XGBoost,341,4.103157574326844,4.0436986326610675,3.6429834118614184,0.46017416246542586,1.1263179406656412,0.6206387973959632
Kv,ElasticNet,341,3.1678061789395136,3.1999258095972927,3.0547430442196477,0.11306313471986584,1.037012322504117,0.5517453410273389
Kv,MLP,341,3.187797777382749,3.2419561189954713,3.0547430442196477,0.13305473316310135,1.043556767700928,0.5671261857053173
Kv,XGBoost,341,3.189549117756571,3.2594266602275455,3.0547430442196477,0.13480607353692342,1.0441300860941514,0.5747404993077114
NaV,ElasticNet,341,4.3706145212810386,4.367988120662273,3.8341970526389537,0.5364174686420848,1.1399034690386833,0.6863012873986293
NaV,MLP,341,4.431487818422006,4.467043476909885,3.8341970526389537,0.5972907657830526,1.1557798823542356,0.7063810940738384
NaV,XGBoost,341,4.427554436714454,4.438841609594978,3.8341970526389537,0.5933573840755,1.1547540139250567,0.7032455861232704
iGluR,ElasticNet,341,6.987665924757958,7.12009600954645,6.299285891865812,0.6883800328921463,1.109279058723314,0.7390235722087013
iGluR,MLP,341,6.933618097504553,7.074421331077183,6.299285891865812,0.6343322056387413,1.1006990659779146,0.7114928492187029
iGluR,XGBoost,341,7.049520780772521,7.151062544398527,6.299285891865812,0.750234888906709,1.1190984028642799,0.7587069254650374
