module,contrast_id,model_a,model_b,n_cells,n_groups,n_bootstrap,bootstrap_seed,plan_sha256,metric,point_a,point_b,point_delta,ci_low,ci_high,count_gt0,count_lt0,count_eq0,prob_gt0,prob_lt0,n_resamples,delta_orientation,positive_means,p_bootstrap_sign_tail_two_sided,p_definition
NaV,XGBoost_minus_ElasticNet,XGBoost,ElasticNet,3410,871,5000,882028438,7abcb99a6328bddd17a5ef630ceff17d7d8f49ed4b512ed4356e1aaa05d50f35,r2,0.13322399820282083,0.12071794274617365,0.01250605545664718,-0.0009240650879410117,0.025660622608179487,4833,167,0,0.9666,0.0334,5000,A-B,model_a_better,0.06718656268746251,inclusive-zero plus-one two-sided bootstrap sign-tail heuristic
NaV,XGBoost_minus_ElasticNet,XGBoost,ElasticNet,3410,871,5000,882028438,7abcb99a6328bddd17a5ef630ceff17d7d8f49ed4b512ed4356e1aaa05d50f35,mae,0.6260624603009047,0.6326503908853293,0.006587930584424528,0.0007927219016401032,0.012219132901338588,4939,61,0,0.9878,0.0122,5000,B-A,model_a_better,,
NaV,XGBoost_minus_ElasticNet,XGBoost,ElasticNet,3410,871,5000,882028438,7abcb99a6328bddd17a5ef630ceff17d7d8f49ed4b512ed4356e1aaa05d50f35,rmse,0.8143827154719359,0.8202367314753775,0.005854016003441598,-0.0004134261276454553,0.012042517470738775,4833,167,0,0.9666,0.0334,5000,B-A,model_a_better,,
NaV,XGBoost_minus_ElasticNet,XGBoost,ElasticNet,3410,871,5000,882028438,7abcb99a6328bddd17a5ef630ceff17d7d8f49ed4b512ed4356e1aaa05d50f35,spearman,0.3797500089180275,0.35492171140044854,0.02482829751757898,0.007187223405317151,0.04230740944854615,4984,16,0,0.9968,0.0032,5000,A-B,model_a_better,,
NaV,MLP_minus_ElasticNet,MLP,ElasticNet,3410,871,5000,882028438,7abcb99a6328bddd17a5ef630ceff17d7d8f49ed4b512ed4356e1aaa05d50f35,r2,0.08232574204974819,0.12071794274617365,-0.03839220069642546,-0.06050557071990107,-0.016688476632758503,1,4999,0,0.0002,0.9998,5000,A-B,model_a_better,0.0007998400319936012,inclusive-zero plus-one two-sided bootstrap sign-tail heuristic
NaV,MLP_minus_ElasticNet,MLP,ElasticNet,3410,871,5000,882028438,7abcb99a6328bddd17a5ef630ceff17d7d8f49ed4b512ed4356e1aaa05d50f35,mae,0.6463019769048691,0.6326503908853293,-0.013651586019539863,-0.022867899004075428,-0.004311194353509898,9,4991,0,0.0018,0.9982,5000,B-A,model_a_better,,
NaV,MLP_minus_ElasticNet,MLP,ElasticNet,3410,871,5000,882028438,7abcb99a6328bddd17a5ef630ceff17d7d8f49ed4b512ed4356e1aaa05d50f35,rmse,0.8379524651364026,0.8202367314753775,-0.01771573366102519,-0.027572252713896992,-0.007840435816292143,1,4999,0,0.0002,0.9998,5000,B-A,model_a_better,,
NaV,MLP_minus_ElasticNet,MLP,ElasticNet,3410,871,5000,882028438,7abcb99a6328bddd17a5ef630ceff17d7d8f49ed4b512ed4356e1aaa05d50f35,spearman,0.34605643390516627,0.35492171140044854,-0.008865277495282264,-0.031914092324940635,0.014024284403943939,1145,3855,0,0.229,0.771,5000,A-B,model_a_better,,
NaV,MLP_minus_XGBoost,MLP,XGBoost,3410,871,5000,882028438,7abcb99a6328bddd17a5ef630ceff17d7d8f49ed4b512ed4356e1aaa05d50f35,r2,0.08232574204974819,0.13322399820282083,-0.05089825615307264,-0.07108495663852929,-0.03152442014902407,0,5000,0,0.0,1.0,5000,A-B,model_a_better,0.0003999200159968006,inclusive-zero plus-one two-sided bootstrap sign-tail heuristic
NaV,MLP_minus_XGBoost,MLP,XGBoost,3410,871,5000,882028438,7abcb99a6328bddd17a5ef630ceff17d7d8f49ed4b512ed4356e1aaa05d50f35,mae,0.6463019769048691,0.6260624603009047,-0.02023951660396439,-0.028525192297620107,-0.011928838207058404,0,5000,0,0.0,1.0,5000,B-A,model_a_better,,
NaV,MLP_minus_XGBoost,MLP,XGBoost,3410,871,5000,882028438,7abcb99a6328bddd17a5ef630ceff17d7d8f49ed4b512ed4356e1aaa05d50f35,rmse,0.8379524651364026,0.8143827154719359,-0.023569749664466788,-0.03258615137850985,-0.014667434898885315,0,5000,0,0.0,1.0,5000,B-A,model_a_better,,
NaV,MLP_minus_XGBoost,MLP,XGBoost,3410,871,5000,882028438,7abcb99a6328bddd17a5ef630ceff17d7d8f49ed4b512ed4356e1aaa05d50f35,spearman,0.34605643390516627,0.3797500089180275,-0.03369357501286124,-0.05333154320379918,-0.01372882194561084,2,4998,0,0.0004,0.9996,5000,A-B,model_a_better,,
Kv,XGBoost_minus_ElasticNet,XGBoost,ElasticNet,3410,871,5000,882028438,7abcb99a6328bddd17a5ef630ceff17d7d8f49ed4b512ed4356e1aaa05d50f35,r2,0.04586439041608037,0.04600198363992192,-0.00013759322384154782,-0.014872245584531582,0.015498725517200064,2515,2485,0,0.503,0.497,5000,A-B,model_a_better,0.9942011597680463,inclusive-zero plus-one two-sided bootstrap sign-tail heuristic
Kv,XGBoost_minus_ElasticNet,XGBoost,ElasticNet,3410,871,5000,882028438,7abcb99a6328bddd17a5ef630ceff17d7d8f49ed4b512ed4356e1aaa05d50f35,mae,0.41002816319986735,0.41316475642486167,0.003136593224994322,-0.0003487376337569556,0.0071126279578560755,4801,199,0,0.9602,0.0398,5000,B-A,model_a_better,,
Kv,XGBoost_minus_ElasticNet,XGBoost,ElasticNet,3410,871,5000,882028438,7abcb99a6328bddd17a5ef630ceff17d7d8f49ed4b512ed4356e1aaa05d50f35,rmse,0.5393597223892793,0.539320831209689,-3.889117959032795e-05,-0.004165740020459158,0.004390766016579019,2515,2485,0,0.503,0.497,5000,B-A,model_a_better,,
Kv,XGBoost_minus_ElasticNet,XGBoost,ElasticNet,3410,871,5000,882028438,7abcb99a6328bddd17a5ef630ceff17d7d8f49ed4b512ed4356e1aaa05d50f35,spearman,0.2263873103696068,0.2209101335110783,0.0054771768585284986,-0.017875504791636725,0.029205867207220244,3438,1562,0,0.6876,0.3124,5000,A-B,model_a_better,,
Kv,MLP_minus_ElasticNet,MLP,ElasticNet,3410,871,5000,882028438,7abcb99a6328bddd17a5ef630ceff17d7d8f49ed4b512ed4356e1aaa05d50f35,r2,-0.01508102159683311,0.04600198363992192,-0.06108300523675503,-0.08964912700972492,-0.03332171938079046,0,5000,0,0.0,1.0,5000,A-B,model_a_better,0.0003999200159968006,inclusive-zero plus-one two-sided bootstrap sign-tail heuristic
Kv,MLP_minus_ElasticNet,MLP,ElasticNet,3410,871,5000,882028438,7abcb99a6328bddd17a5ef630ceff17d7d8f49ed4b512ed4356e1aaa05d50f35,mae,0.4263353521050073,0.41316475642486167,-0.013170595680145614,-0.020118392022078397,-0.006315804061886753,0,5000,0,0.0,1.0,5000,B-A,model_a_better,,
Kv,MLP_minus_ElasticNet,MLP,ElasticNet,3410,871,5000,882028438,7abcb99a6328bddd17a5ef630ceff17d7d8f49ed4b512ed4356e1aaa05d50f35,rmse,0.5563188984348352,0.539320831209689,-0.016998067225146185,-0.02458441992521811,-0.00946097167555684,0,5000,0,0.0,1.0,5000,B-A,model_a_better,,
Kv,MLP_minus_ElasticNet,MLP,ElasticNet,3410,871,5000,882028438,7abcb99a6328bddd17a5ef630ceff17d7d8f49ed4b512ed4356e1aaa05d50f35,spearman,0.21850498645277602,0.2209101335110783,-0.002405147058302276,-0.03307885344423518,0.028287938991079398,2212,2788,0,0.4424,0.5576,5000,A-B,model_a_better,,
Kv,MLP_minus_XGBoost,MLP,XGBoost,3410,871,5000,882028438,7abcb99a6328bddd17a5ef630ceff17d7d8f49ed4b512ed4356e1aaa05d50f35,r2,-0.01508102159683311,0.04586439041608037,-0.06094541201291348,-0.0867164065046943,-0.03670719470670863,0,5000,0,0.0,1.0,5000,A-B,model_a_better,0.0003999200159968006,inclusive-zero plus-one two-sided bootstrap sign-tail heuristic
Kv,MLP_minus_XGBoost,MLP,XGBoost,3410,871,5000,882028438,7abcb99a6328bddd17a5ef630ceff17d7d8f49ed4b512ed4356e1aaa05d50f35,mae,0.4263353521050073,0.41002816319986735,-0.016307188905139935,-0.0225039886468213,-0.010144740414166223,0,5000,0,0.0,1.0,5000,B-A,model_a_better,,
Kv,MLP_minus_XGBoost,MLP,XGBoost,3410,871,5000,882028438,7abcb99a6328bddd17a5ef630ceff17d7d8f49ed4b512ed4356e1aaa05d50f35,rmse,0.5563188984348352,0.5393597223892793,-0.016959176045555857,-0.02363691033314316,-0.010308633955873949,0,5000,0,0.0,1.0,5000,B-A,model_a_better,,
Kv,MLP_minus_XGBoost,MLP,XGBoost,3410,871,5000,882028438,7abcb99a6328bddd17a5ef630ceff17d7d8f49ed4b512ed4356e1aaa05d50f35,spearman,0.21850498645277602,0.2263873103696068,-0.007882323916830775,-0.03569878898780844,0.018945338895596592,1373,3627,0,0.2746,0.7254,5000,A-B,model_a_better,,
CaV,XGBoost_minus_ElasticNet,XGBoost,ElasticNet,3410,871,5000,882028438,7abcb99a6328bddd17a5ef630ceff17d7d8f49ed4b512ed4356e1aaa05d50f35,r2,0.10577069212925327,0.09388251659921698,0.011888175530036293,-0.0008001882996720356,0.024823941705128017,4829,171,0,0.9658,0.0342,5000,A-B,model_a_better,0.0687862427514497,inclusive-zero plus-one two-sided bootstrap sign-tail heuristic
CaV,XGBoost_minus_ElasticNet,XGBoost,ElasticNet,3410,871,5000,882028438,7abcb99a6328bddd17a5ef630ceff17d7d8f49ed4b512ed4356e1aaa05d50f35,mae,0.6625658631570649,0.6742327173987485,0.011666854241683566,0.005242873664343554,0.01816247513264417,4998,2,0,0.9996,0.0004,5000,B-A,model_a_better,,
CaV,XGBoost_minus_ElasticNet,XGBoost,ElasticNet,3410,871,5000,882028438,7abcb99a6328bddd17a5ef630ceff17d7d8f49ed4b512ed4356e1aaa05d50f35,rmse,0.912007002709577,0.9180492461219503,0.006042243412373249,-0.0004065676376963004,0.012666981529361836,4829,171,0,0.9658,0.0342,5000,B-A,model_a_better,,
CaV,XGBoost_minus_ElasticNet,XGBoost,ElasticNet,3410,871,5000,882028438,7abcb99a6328bddd17a5ef630ceff17d7d8f49ed4b512ed4356e1aaa05d50f35,spearman,0.3948440616189685,0.3606502722237253,0.0341937893952432,0.014541260287477894,0.0537728617288097,4997,3,0,0.9994,0.0006,5000,A-B,model_a_better,,
CaV,MLP_minus_ElasticNet,MLP,ElasticNet,3410,871,5000,882028438,7abcb99a6328bddd17a5ef630ceff17d7d8f49ed4b512ed4356e1aaa05d50f35,r2,0.034891645520882086,0.09388251659921698,-0.058990871078334894,-0.08442177158233154,-0.03530024475455088,0,5000,0,0.0,1.0,5000,A-B,model_a_better,0.0003999200159968006,inclusive-zero plus-one two-sided bootstrap sign-tail heuristic
CaV,MLP_minus_ElasticNet,MLP,ElasticNet,3410,871,5000,882028438,7abcb99a6328bddd17a5ef630ceff17d7d8f49ed4b512ed4356e1aaa05d50f35,mae,0.6962397799299338,0.6742327173987485,-0.02200706253118534,-0.03215684607593538,-0.012156608361366707,0,5000,0,0.0,1.0,5000,B-A,model_a_better,,
CaV,MLP_minus_ElasticNet,MLP,ElasticNet,3410,871,5000,882028438,7abcb99a6328bddd17a5ef630ceff17d7d8f49ed4b512ed4356e1aaa05d50f35,rmse,0.947461913009886,0.9180492461219503,-0.029412666887935757,-0.04130456207251105,-0.01772654521144447,0,5000,0,0.0,1.0,5000,B-A,model_a_better,,
CaV,MLP_minus_ElasticNet,MLP,ElasticNet,3410,871,5000,882028438,7abcb99a6328bddd17a5ef630ceff17d7d8f49ed4b512ed4356e1aaa05d50f35,spearman,0.3424139236453536,0.3606502722237253,-0.018236348578371697,-0.042990495616052615,0.006669920591523822,415,4585,0,0.083,0.917,5000,A-B,model_a_better,,
CaV,MLP_minus_XGBoost,MLP,XGBoost,3410,871,5000,882028438,7abcb99a6328bddd17a5ef630ceff17d7d8f49ed4b512ed4356e1aaa05d50f35,r2,0.034891645520882086,0.10577069212925327,-0.07087904660837119,-0.09544556197546308,-0.04796356669228398,0,5000,0,0.0,1.0,5000,A-B,model_a_better,0.0003999200159968006,inclusive-zero plus-one two-sided bootstrap sign-tail heuristic
CaV,MLP_minus_XGBoost,MLP,XGBoost,3410,871,5000,882028438,7abcb99a6328bddd17a5ef630ceff17d7d8f49ed4b512ed4356e1aaa05d50f35,mae,0.6962397799299338,0.6625658631570649,-0.033673916772868906,-0.043627207910774304,-0.024092517088023107,0,5000,0,0.0,1.0,5000,B-A,model_a_better,,
CaV,MLP_minus_XGBoost,MLP,XGBoost,3410,871,5000,882028438,7abcb99a6328bddd17a5ef630ceff17d7d8f49ed4b512ed4356e1aaa05d50f35,rmse,0.947461913009886,0.912007002709577,-0.035454910300309006,-0.047093455225539455,-0.024281183518399328,0,5000,0,0.0,1.0,5000,B-A,model_a_better,,
CaV,MLP_minus_XGBoost,MLP,XGBoost,3410,871,5000,882028438,7abcb99a6328bddd17a5ef630ceff17d7d8f49ed4b512ed4356e1aaa05d50f35,spearman,0.3424139236453536,0.3948440616189685,-0.0524301379736149,-0.07562497627859308,-0.029775874959527254,0,5000,0,0.0,1.0,5000,A-B,model_a_better,,
HCN,XGBoost_minus_ElasticNet,XGBoost,ElasticNet,3410,871,5000,882028438,7abcb99a6328bddd17a5ef630ceff17d7d8f49ed4b512ed4356e1aaa05d50f35,r2,0.05681630213233657,0.06377304327344069,-0.006956741141104117,-0.01793987211866338,0.0037551702927098333,516,4484,0,0.1032,0.8968,5000,A-B,model_a_better,0.20675864827034593,inclusive-zero plus-one two-sided bootstrap sign-tail heuristic
HCN,XGBoost_minus_ElasticNet,XGBoost,ElasticNet,3410,871,5000,882028438,7abcb99a6328bddd17a5ef630ceff17d7d8f49ed4b512ed4356e1aaa05d50f35,mae,0.9059352312453263,0.9037794300232713,-0.0021558012220549427,-0.008820943938083692,0.004554933422430804,1351,3649,0,0.2702,0.7298,5000,B-A,model_a_better,,
HCN,XGBoost_minus_ElasticNet,XGBoost,ElasticNet,3410,871,5000,882028438,7abcb99a6328bddd17a5ef630ceff17d7d8f49ed4b512ed4356e1aaa05d50f35,rmse,1.1375147796315144,1.1333119706412953,-0.004202808990219076,-0.010784443730323834,0.0022688374369832565,516,4484,0,0.1032,0.8968,5000,B-A,model_a_better,,
HCN,XGBoost_minus_ElasticNet,XGBoost,ElasticNet,3410,871,5000,882028438,7abcb99a6328bddd17a5ef630ceff17d7d8f49ed4b512ed4356e1aaa05d50f35,spearman,0.2484422201555091,0.25647932648801586,-0.00803710633250676,-0.026549069365248812,0.010342960924718952,957,4043,0,0.1914,0.8086,5000,A-B,model_a_better,,
HCN,MLP_minus_ElasticNet,MLP,ElasticNet,3410,871,5000,882028438,7abcb99a6328bddd17a5ef630ceff17d7d8f49ed4b512ed4356e1aaa05d50f35,r2,0.010712890523715934,0.06377304327344069,-0.053060152749724754,-0.07288138780693051,-0.03306907169050486,0,5000,0,0.0,1.0,5000,A-B,model_a_better,0.0003999200159968006,inclusive-zero plus-one two-sided bootstrap sign-tail heuristic
HCN,MLP_minus_ElasticNet,MLP,ElasticNet,3410,871,5000,882028438,7abcb99a6328bddd17a5ef630ceff17d7d8f49ed4b512ed4356e1aaa05d50f35,mae,0.9263998108004596,0.9037794300232713,-0.02262038077718831,-0.03303504113133845,-0.012215628406018381,0,5000,0,0.0,1.0,5000,B-A,model_a_better,,
HCN,MLP_minus_ElasticNet,MLP,ElasticNet,3410,871,5000,882028438,7abcb99a6328bddd17a5ef630ceff17d7d8f49ed4b512ed4356e1aaa05d50f35,rmse,1.1649843207950272,1.1333119706412953,-0.03167235015373193,-0.04317334840775639,-0.019945116087486732,0,5000,0,0.0,1.0,5000,B-A,model_a_better,,
HCN,MLP_minus_ElasticNet,MLP,ElasticNet,3410,871,5000,882028438,7abcb99a6328bddd17a5ef630ceff17d7d8f49ed4b512ed4356e1aaa05d50f35,spearman,0.22115150890152233,0.25647932648801586,-0.03532781758649353,-0.05906847228374401,-0.012293573156822812,9,4991,0,0.0018,0.9982,5000,A-B,model_a_better,,
HCN,MLP_minus_XGBoost,MLP,XGBoost,3410,871,5000,882028438,7abcb99a6328bddd17a5ef630ceff17d7d8f49ed4b512ed4356e1aaa05d50f35,r2,0.010712890523715934,0.05681630213233657,-0.04610341160862064,-0.06567250203769608,-0.026607691110388475,0,5000,0,0.0,1.0,5000,A-B,model_a_better,0.0003999200159968006,inclusive-zero plus-one two-sided bootstrap sign-tail heuristic
HCN,MLP_minus_XGBoost,MLP,XGBoost,3410,871,5000,882028438,7abcb99a6328bddd17a5ef630ceff17d7d8f49ed4b512ed4356e1aaa05d50f35,mae,0.9263998108004596,0.9059352312453263,-0.020464579555133366,-0.030811070978044287,-0.010117921164898947,0,5000,0,0.0,1.0,5000,B-A,model_a_better,,
HCN,MLP_minus_XGBoost,MLP,XGBoost,3410,871,5000,882028438,7abcb99a6328bddd17a5ef630ceff17d7d8f49ed4b512ed4356e1aaa05d50f35,rmse,1.1649843207950272,1.1375147796315144,-0.027469541163512856,-0.038913862162864896,-0.01601219986578288,0,5000,0,0.0,1.0,5000,B-A,model_a_better,,
HCN,MLP_minus_XGBoost,MLP,XGBoost,3410,871,5000,882028438,7abcb99a6328bddd17a5ef630ceff17d7d8f49ed4b512ed4356e1aaa05d50f35,spearman,0.22115150890152233,0.2484422201555091,-0.02729071125398677,-0.05152620211163513,-0.0030290061391644177,66,4934,0,0.0132,0.9868,5000,A-B,model_a_better,,
GABAA,XGBoost_minus_ElasticNet,XGBoost,ElasticNet,3410,871,5000,882028438,7abcb99a6328bddd17a5ef630ceff17d7d8f49ed4b512ed4356e1aaa05d50f35,r2,0.3290159141891088,0.26009820625675195,0.06891770793235685,0.05224376743953342,0.08628457012548527,5000,0,0,1.0,0.0,5000,A-B,model_a_better,0.0003999200159968006,inclusive-zero plus-one two-sided bootstrap sign-tail heuristic
GABAA,XGBoost_minus_ElasticNet,XGBoost,ElasticNet,3410,871,5000,882028438,7abcb99a6328bddd17a5ef630ceff17d7d8f49ed4b512ed4356e1aaa05d50f35,mae,0.49366324957899216,0.526475843113785,0.03281259353479288,0.025317247131058103,0.04030018594427188,5000,0,0,1.0,0.0,5000,B-A,model_a_better,,
GABAA,XGBoost_minus_ElasticNet,XGBoost,ElasticNet,3410,871,5000,882028438,7abcb99a6328bddd17a5ef630ceff17d7d8f49ed4b512ed4356e1aaa05d50f35,rmse,0.6499171793147669,0.6824784569588248,0.03256127764405792,0.02460370988089844,0.041083512524896566,5000,0,0,1.0,0.0,5000,B-A,model_a_better,,
GABAA,XGBoost_minus_ElasticNet,XGBoost,ElasticNet,3410,871,5000,882028438,7abcb99a6328bddd17a5ef630ceff17d7d8f49ed4b512ed4356e1aaa05d50f35,spearman,0.5736110820409849,0.5275179027916339,0.04609317924935097,0.030896067608725413,0.061643107618174625,5000,0,0,1.0,0.0,5000,A-B,model_a_better,,
GABAA,MLP_minus_ElasticNet,MLP,ElasticNet,3410,871,5000,882028438,7abcb99a6328bddd17a5ef630ceff17d7d8f49ed4b512ed4356e1aaa05d50f35,r2,0.31409321001481705,0.26009820625675195,0.0539950037580651,0.03017718066267093,0.07659190455483696,5000,0,0,1.0,0.0,5000,A-B,model_a_better,0.0003999200159968006,inclusive-zero plus-one two-sided bootstrap sign-tail heuristic
GABAA,MLP_minus_ElasticNet,MLP,ElasticNet,3410,871,5000,882028438,7abcb99a6328bddd17a5ef630ceff17d7d8f49ed4b512ed4356e1aaa05d50f35,mae,0.5009556438801729,0.526475843113785,0.02552019923361215,0.0162003942168708,0.03522487416371825,5000,0,0,1.0,0.0,5000,B-A,model_a_better,,
GABAA,MLP_minus_ElasticNet,MLP,ElasticNet,3410,871,5000,882028438,7abcb99a6328bddd17a5ef630ceff17d7d8f49ed4b512ed4356e1aaa05d50f35,rmse,0.6571045251763306,0.6824784569588248,0.025373931782494252,0.014004757157357411,0.036506756924130836,5000,0,0,1.0,0.0,5000,B-A,model_a_better,,
GABAA,MLP_minus_ElasticNet,MLP,ElasticNet,3410,871,5000,882028438,7abcb99a6328bddd17a5ef630ceff17d7d8f49ed4b512ed4356e1aaa05d50f35,spearman,0.5668902929107884,0.5275179027916339,0.0393723901191545,0.01979967853668143,0.0582185066942461,5000,0,0,1.0,0.0,5000,A-B,model_a_better,,
GABAA,MLP_minus_XGBoost,MLP,XGBoost,3410,871,5000,882028438,7abcb99a6328bddd17a5ef630ceff17d7d8f49ed4b512ed4356e1aaa05d50f35,r2,0.31409321001481705,0.3290159141891088,-0.014922704174291757,-0.036946125800463775,0.005579613280448978,403,4597,0,0.0806,0.9194,5000,A-B,model_a_better,0.16156768646270747,inclusive-zero plus-one two-sided bootstrap sign-tail heuristic
GABAA,MLP_minus_XGBoost,MLP,XGBoost,3410,871,5000,882028438,7abcb99a6328bddd17a5ef630ceff17d7d8f49ed4b512ed4356e1aaa05d50f35,mae,0.5009556438801729,0.49366324957899216,-0.007292394301180727,-0.0157754634166663,0.0009943719319079768,225,4775,0,0.045,0.955,5000,B-A,model_a_better,,
GABAA,MLP_minus_XGBoost,MLP,XGBoost,3410,871,5000,882028438,7abcb99a6328bddd17a5ef630ceff17d7d8f49ed4b512ed4356e1aaa05d50f35,rmse,0.6571045251763306,0.6499171793147669,-0.007187345861563665,-0.017618461658302116,0.0027285361640123156,403,4597,0,0.0806,0.9194,5000,B-A,model_a_better,,
GABAA,MLP_minus_XGBoost,MLP,XGBoost,3410,871,5000,882028438,7abcb99a6328bddd17a5ef630ceff17d7d8f49ed4b512ed4356e1aaa05d50f35,spearman,0.5668902929107884,0.5736110820409849,-0.0067207891301964695,-0.02421395807697465,0.010499655104690381,1135,3865,0,0.227,0.773,5000,A-B,model_a_better,,
iGluR,XGBoost_minus_ElasticNet,XGBoost,ElasticNet,3410,871,5000,882028438,7abcb99a6328bddd17a5ef630ceff17d7d8f49ed4b512ed4356e1aaa05d50f35,r2,0.2947794161845626,0.258473551267158,0.03630586491740462,0.020679466712349697,0.052956966638689255,5000,0,0,1.0,0.0,5000,A-B,model_a_better,0.0003999200159968006,inclusive-zero plus-one two-sided bootstrap sign-tail heuristic
iGluR,XGBoost_minus_ElasticNet,XGBoost,ElasticNet,3410,871,5000,882028438,7abcb99a6328bddd17a5ef630ceff17d7d8f49ed4b512ed4356e1aaa05d50f35,mae,0.5806052950152771,0.6122387353689335,0.03163344035365634,0.022182704767381038,0.04105400662268161,5000,0,0,1.0,0.0,5000,B-A,model_a_better,,
iGluR,XGBoost_minus_ElasticNet,XGBoost,ElasticNet,3410,871,5000,882028438,7abcb99a6328bddd17a5ef630ceff17d7d8f49ed4b512ed4356e1aaa05d50f35,rmse,0.8395153037227558,0.8608538983019998,0.02133859457924392,0.012068284138223894,0.031088171358147367,5000,0,0,1.0,0.0,5000,B-A,model_a_better,,
iGluR,XGBoost_minus_ElasticNet,XGBoost,ElasticNet,3410,871,5000,882028438,7abcb99a6328bddd17a5ef630ceff17d7d8f49ed4b512ed4356e1aaa05d50f35,spearman,0.6306226817158138,0.6016288065520979,0.028993875163715876,0.015305206098107007,0.04287752046719748,5000,0,0,1.0,0.0,5000,A-B,model_a_better,,
iGluR,MLP_minus_ElasticNet,MLP,ElasticNet,3410,871,5000,882028438,7abcb99a6328bddd17a5ef630ceff17d7d8f49ed4b512ed4356e1aaa05d50f35,r2,0.20643443355165914,0.258473551267158,-0.05203911771549885,-0.07938953373717784,-0.027757569623644042,0,5000,0,0.0,1.0,5000,A-B,model_a_better,0.0003999200159968006,inclusive-zero plus-one two-sided bootstrap sign-tail heuristic
iGluR,MLP_minus_ElasticNet,MLP,ElasticNet,3410,871,5000,882028438,7abcb99a6328bddd17a5ef630ceff17d7d8f49ed4b512ed4356e1aaa05d50f35,mae,0.6217655932230219,0.6122387353689335,-0.009526857854088466,-0.021310794081429905,0.0023352687575459914,276,4724,0,0.0552,0.9448,5000,B-A,model_a_better,,
iGluR,MLP_minus_ElasticNet,MLP,ElasticNet,3410,871,5000,882028438,7abcb99a6328bddd17a5ef630ceff17d7d8f49ed4b512ed4356e1aaa05d50f35,rmse,0.8905484149689175,0.8608538983019998,-0.029694516666917692,-0.044217782852614095,-0.016024533065472916,0,5000,0,0.0,1.0,5000,B-A,model_a_better,,
iGluR,MLP_minus_ElasticNet,MLP,ElasticNet,3410,871,5000,882028438,7abcb99a6328bddd17a5ef630ceff17d7d8f49ed4b512ed4356e1aaa05d50f35,spearman,0.5823898816848708,0.6016288065520979,-0.019238924867227114,-0.036236226562083425,-0.0024701969925010124,64,4936,0,0.0128,0.9872,5000,A-B,model_a_better,,
iGluR,MLP_minus_XGBoost,MLP,XGBoost,3410,871,5000,882028438,7abcb99a6328bddd17a5ef630ceff17d7d8f49ed4b512ed4356e1aaa05d50f35,r2,0.20643443355165914,0.2947794161845626,-0.08834498263290347,-0.1166338803611548,-0.06400371264848233,0,5000,0,0.0,1.0,5000,A-B,model_a_better,0.0003999200159968006,inclusive-zero plus-one two-sided bootstrap sign-tail heuristic
iGluR,MLP_minus_XGBoost,MLP,XGBoost,3410,871,5000,882028438,7abcb99a6328bddd17a5ef630ceff17d7d8f49ed4b512ed4356e1aaa05d50f35,mae,0.6217655932230219,0.5806052950152771,-0.041160298207744805,-0.05266400253662749,-0.030444275930877972,0,5000,0,0.0,1.0,5000,B-A,model_a_better,,
iGluR,MLP_minus_XGBoost,MLP,XGBoost,3410,871,5000,882028438,7abcb99a6328bddd17a5ef630ceff17d7d8f49ed4b512ed4356e1aaa05d50f35,rmse,0.8905484149689175,0.8395153037227558,-0.05103311124616161,-0.06601011095704251,-0.03754642564538744,0,5000,0,0.0,1.0,5000,B-A,model_a_better,,
iGluR,MLP_minus_XGBoost,MLP,XGBoost,3410,871,5000,882028438,7abcb99a6328bddd17a5ef630ceff17d7d8f49ed4b512ed4356e1aaa05d50f35,spearman,0.5823898816848708,0.6306226817158138,-0.04823280003094299,-0.06458099998175518,-0.032641384783553044,0,5000,0,0.0,1.0,5000,A-B,model_a_better,,
