module,target_definition,model,analysis,n,r2,mae,rmse,spearman
CaV,mean_logcpm,ElasticNet,target_definition_sensitivity,3410,0.09380137483881379,0.6742105885272729,0.9180903503196596,0.3607058644801249
CaV,mean_logcpm,XGBoost,target_definition_sensitivity,3410,0.1054643017741137,0.6624791977090871,0.9121632300976519,0.39574948427941414
CaV,pc1,ElasticNet,target_definition_sensitivity,3410,0.06493325335749678,0.9319564885851397,1.334278267106963,0.34226944406346715
CaV,pc1,XGBoost,target_definition_sensitivity,3410,0.059532775316576414,0.9280063953206102,1.33812578187309,0.34767757952921113
CaV,zmean,ElasticNet,target_definition_sensitivity,3410,0.05171155828386109,0.290445472423031,0.4021960645762382,0.2762851074277873
CaV,zmean,XGBoost,target_definition_sensitivity,3410,0.049941029848967866,0.2877411205404722,0.4025713551845632,0.29751202687414313
GABAA,mean_logcpm,ElasticNet,target_definition_sensitivity,3410,0.2600972587521324,0.5264767233395526,0.6824788939433605,0.5275183673352841
GABAA,mean_logcpm,XGBoost,target_definition_sensitivity,3410,0.32983180044359894,0.49461671558362025,0.6495219241999068,0.5750170083313717
GABAA,pc1,ElasticNet,target_definition_sensitivity,3410,0.4111405060300428,1.03368599076482,1.324803609713493,0.6445049955151602
GABAA,pc1,XGBoost,target_definition_sensitivity,3410,0.5029601828881312,0.9196107957667121,1.217142009955677,0.697058530866467
GABAA,zmean,ElasticNet,target_definition_sensitivity,3410,0.17024631999224982,0.20352571163155356,0.2756975404096974,0.4499173760735626
GABAA,zmean,XGBoost,target_definition_sensitivity,3410,0.21475557770481757,0.19669762970506288,0.2682012070906439,0.4851957391780999
HCN,mean_logcpm,ElasticNet,target_definition_sensitivity,3410,0.06377841286160224,0.9037793959199082,1.1333087206669046,0.2564860374046429
HCN,mean_logcpm,XGBoost,target_definition_sensitivity,3410,0.06066995159357469,0.9046970859020486,1.1351885784910722,0.251763052617447
HCN,pc1,ElasticNet,target_definition_sensitivity,3410,0.08524254609637139,0.7742263202267259,0.9744313126848079,0.29335768272589696
HCN,pc1,XGBoost,target_definition_sensitivity,3410,0.08669260167609127,0.7731459366666712,0.9736586816681865,0.2964820700317871
HCN,zmean,ElasticNet,target_definition_sensitivity,3410,0.04113805202267662,0.3913007948877798,0.5035379856651133,0.2291147947961141
HCN,zmean,XGBoost,target_definition_sensitivity,3410,0.03869594006976218,0.39225952473073705,0.5041788047932949,0.214741409249063
Kv,mean_logcpm,ElasticNet,target_definition_sensitivity,3410,0.04600472198492778,0.4131639227174556,0.5393200571789578,0.2209317624818549
Kv,mean_logcpm,XGBoost,target_definition_sensitivity,3410,0.049010133507402465,0.4094027531785547,0.5384698657016209,0.230771852164257
Kv,pc1,ElasticNet,target_definition_sensitivity,3410,0.28697311679712223,1.0714019239631019,1.4055535332414635,0.5770103760295712
Kv,pc1,XGBoost,target_definition_sensitivity,3410,0.29080421696357484,1.065636057492074,1.401772421219665,0.5751364263129244
Kv,zmean,ElasticNet,target_definition_sensitivity,3410,0.04748345801276799,0.16780812314484672,0.21871853214229423,0.21741900112315685
Kv,zmean,XGBoost,target_definition_sensitivity,3410,0.04899970667420006,0.16738923853303772,0.21854438096076695,0.22474680980833256
NaV,mean_logcpm,ElasticNet,target_definition_sensitivity,3410,0.12081407681116141,0.6326349863176423,0.8201918910023996,0.35494571635314964
NaV,mean_logcpm,XGBoost,target_definition_sensitivity,3410,0.1293729052071363,0.6269232331991024,0.8161898649955764,0.37808341650369526
NaV,pc1,ElasticNet,target_definition_sensitivity,3410,0.21458556008916418,0.6942814488111076,0.9649371423150946,0.4752634098890402
NaV,pc1,XGBoost,target_definition_sensitivity,3410,0.20713123921624044,0.6930943421073492,0.9695054086112923,0.4830876689690995
NaV,zmean,ElasticNet,target_definition_sensitivity,3410,0.09766020159582833,0.28242865350941304,0.40142145173313665,0.3501472397960594
NaV,zmean,XGBoost,target_definition_sensitivity,3410,0.09394238507862285,0.2823350925816278,0.4022475691272579,0.3585728656413201
iGluR,mean_logcpm,ElasticNet,target_definition_sensitivity,3410,0.25848669515481926,0.6122199544109637,0.8608462687581766,0.6016010546841666
iGluR,mean_logcpm,XGBoost,target_definition_sensitivity,3410,0.2940973798882237,0.5802814103836071,0.8399211636405307,0.6309952560606473
iGluR,pc1,ElasticNet,target_definition_sensitivity,3410,0.20921791511743582,0.9792876429121254,1.4822960245371364,0.5800505386584452
iGluR,pc1,XGBoost,target_definition_sensitivity,3410,0.22095233846313456,0.9481137867356662,1.4712570166494623,0.6110025638292679
iGluR,zmean,ElasticNet,target_definition_sensitivity,3410,0.17387641675241117,0.23846294215185676,0.3516253159249464,0.5227154214821146
iGluR,zmean,XGBoost,target_definition_sensitivity,3410,0.18570274322278768,0.23239561748487136,0.34909940707930454,0.541563424242551
