module,component_id,group_abs_shap,rank
CaV,C09,0.18758337228775998,1
CaV,C18,0.09945421449120923,2
CaV,C01,0.06968827592993547,3
CaV,C11,0.0414027458497547,4
CaV,C13,0.04027646515550902,5
CaV,C06,0.037343738879364076,6
CaV,C15,0.03180847134275945,7
CaV,C02,0.027804628709540088,8
CaV,C17,0.027530660663472022,9
CaV,C04,0.024029795006268333,10
CaV,C03,0.0232792222997668,11
CaV,C19,0.021661745511624236,12
CaV,C07,0.021488804685536027,13
CaV,C05,0.02032974414094102,14
CaV,C08,0.018234660597120363,15
CaV,C16,0.018099176877173686,16
CaV,C12,0.01447930272521406,17
CaV,C10,0.013375328669260592,18
CaV,C14,0.011476504357138935,19
GABAA,C09,0.17846122835875353,1
GABAA,C18,0.14430894493314853,2
GABAA,C06,0.12619007630835932,3
GABAA,C01,0.09168794649916986,4
GABAA,C19,0.06324646003118911,5
GABAA,C02,0.05081409340435402,6
GABAA,C12,0.047996943758266686,7
GABAA,C08,0.044994719318928914,8
GABAA,C05,0.028500559461558942,9
GABAA,C16,0.027684514287657266,10
GABAA,C14,0.024290005804812453,11
GABAA,C07,0.02105027400405366,12
GABAA,C04,0.019222862420649314,13
GABAA,C15,0.01495901568439215,14
GABAA,C13,0.01478175291989524,15
GABAA,C10,0.014707068366967826,16
GABAA,C03,0.01409634411900009,17
GABAA,C17,0.013999427986120729,18
GABAA,C11,0.013191143139552249,19
HCN,C09,0.15934953633256296,1
HCN,C06,0.0751660732940318,2
HCN,C01,0.06967953810116691,3
HCN,C14,0.05171862159354839,4
HCN,C16,0.04710329639722571,5
HCN,C02,0.04472870833877234,6
HCN,C10,0.04196331486450044,7
HCN,C13,0.041683530742809505,8
HCN,C03,0.036020242272322034,9
HCN,C07,0.03209512093923938,10
HCN,C08,0.03139904826665106,11
HCN,C18,0.029119369915110105,12
HCN,C15,0.02908663543772848,13
HCN,C04,0.02700877324944291,14
HCN,C12,0.022472860276066806,15
HCN,C19,0.021146545811137903,16
HCN,C17,0.01961304071559201,17
HCN,C05,0.01620581166658624,18
HCN,C11,0.014615166254519639,19
Kv,C14,0.05403808741478227,1
Kv,C01,0.052037929375170745,2
Kv,C17,0.044399683427281886,3
Kv,C09,0.035158195312720644,4
Kv,C02,0.02858282870534006,5
Kv,C18,0.02382889902642078,6
Kv,C11,0.02336280646205974,7
Kv,C12,0.01725119738078685,8
Kv,C04,0.01717620477388197,9
Kv,C15,0.016266842563083115,10
Kv,C16,0.015207911498567539,11
Kv,C13,0.01466899900734725,12
Kv,C06,0.01277925969252598,13
Kv,C10,0.012480844287143512,14
Kv,C19,0.01222962023853956,15
Kv,C05,0.012096142760939524,16
Kv,C08,0.009950133225458046,17
Kv,C03,0.008988176724788497,18
Kv,C07,0.008870097490864837,19
NaV,C09,0.16319969748833887,1
NaV,C01,0.09930929293360694,2
NaV,C06,0.07048794018952866,3
NaV,C18,0.06800420175657196,4
NaV,C16,0.04137758597027636,5
NaV,C04,0.02211217957011443,6
NaV,C08,0.019930289585706286,7
NaV,C03,0.01868718555434175,8
NaV,C12,0.018348403211517973,9
NaV,C19,0.016851560949194967,10
NaV,C11,0.016643808954764912,11
NaV,C13,0.015265547884145103,12
NaV,C07,0.013909158988419136,13
NaV,C05,0.013498315808389375,14
NaV,C17,0.012640652021649566,15
NaV,C10,0.012607007623361486,16
NaV,C14,0.010992945729700413,17
NaV,C02,0.009421106479170906,18
NaV,C15,0.006628555112455724,19
iGluR,C09,0.2636218107638865,1
iGluR,C18,0.2348734459732969,2
iGluR,C01,0.12774646395663938,3
iGluR,C17,0.08299640964000086,4
iGluR,C13,0.061298007693670345,5
iGluR,C16,0.057661051551922006,6
iGluR,C02,0.0544451276870131,7
iGluR,C05,0.03961599872756853,8
iGluR,C15,0.035915304288896936,9
iGluR,C06,0.03478761386643534,10
iGluR,C04,0.03145156195563062,11
iGluR,C07,0.029799781960439992,12
iGluR,C12,0.029571392670187536,13
iGluR,C03,0.026337165688432314,14
iGluR,C19,0.020642544063229094,15
iGluR,C10,0.016386081815246326,16
iGluR,C08,0.015521859714200722,17
iGluR,C14,0.01380893800235052,18
iGluR,C11,0.011253226325338787,19
