module,model,analysis,n_bootstrap,r2_ci_low,r2_ci_high,mae_ci_low,mae_ci_high,rmse_ci_low,rmse_ci_high,spearman_ci_low,spearman_ci_high
CaV,Dummy,dummy,1000,-0.00500695849734179,-0.00040260716548103375,0.7107460328191609,0.7582675968756697,0.9315392683605317,1.0000899277229338,-0.08521632340514117,0.012347602227951358
CaV,ElasticNet,ephys_only,1000,0.0712802212937098,0.11681656805633535,0.6526220169686099,0.6977634551532484,0.8841135821633653,0.9550598293817103,0.32161714085436005,0.3983188606465935
CaV,EphysSubclassRidge,ephys_plus_subclass,1000,0.08897804707552907,0.13745144320224298,0.6397895830295142,0.6849095340843335,0.8712492435556096,0.9433385444964789,0.36275207911270085,0.4328858479071838
CaV,MLP,ephys_only,1000,0.014617270229894798,0.07676586520586301,0.6707292534762611,0.7147265595615461,0.9084519932279598,0.9775824265514487,0.3158529185667047,0.3853141188282269
CaV,SubclassRidge,subclass_only,1000,0.08066905946044328,0.12513144087877962,0.6407579689445558,0.6873342107109822,0.8767707425377478,0.9485362787180711,0.3158197423768458,0.38425130405345653
CaV,XGBoost,ephys_only,1000,0.0810924162633823,0.12888112255875944,0.6398804622330801,0.6855582486317401,0.8744831777338454,0.9483052446771953,0.3614570914890157,0.42694992461902154
GABAA,Dummy,dummy,1000,-0.0050685882814131,-0.00020527247510848692,0.613915289103333,0.6521788139300212,0.7703422063172268,0.8167128876114367,-0.0832018032371438,0.017879014568409277
GABAA,ElasticNet,ephys_only,1000,0.23132389170944306,0.28627938701855504,0.5106392520310364,0.5417649539937642,0.6621242881075573,0.7026224072268364,0.49671927323578907,0.5536030991848936
GABAA,EphysSubclassRidge,ephys_plus_subclass,1000,0.2875024338922304,0.34544728335623315,0.4832204363368317,0.5150013830481827,0.6341513926518882,0.6751431597387071,0.5456390535329918,0.597553988194668
GABAA,MLP,ephys_only,1000,0.2910783903289623,0.35970309317333815,0.4824396191090723,0.51276598708196,0.6297784720489862,0.6728096571833966,0.546077831295137,0.602086420799314
GABAA,SubclassRidge,subclass_only,1000,0.1469566457369644,0.20427266485001797,0.5305205076880698,0.5709587240627392,0.6945614694635833,0.7430667733940924,0.3504828294383878,0.42951606017490657
GABAA,XGBoost,ephys_only,1000,0.29781336653584667,0.3569858151186163,0.48008938308634325,0.5089572958192893,0.6301535134195743,0.6695988893576991,0.5466031488387432,0.5987868523275528
HCN,Dummy,dummy,1000,-0.003019361386351188,0.00011116544857514549,0.9086178847275374,0.9551246638408742,1.1423972851940218,1.1996251371641034,-0.06398768356930568,0.018335074548087867
HCN,ElasticNet,ephys_only,1000,0.04470214269693103,0.08142666775954722,0.8793157348551917,0.9272587224886735,1.1036527212620313,1.1622492561252902,0.22190452222637017,0.2895466023905643
HCN,EphysSubclassRidge,ephys_plus_subclass,1000,0.03851427910075062,0.07707958587514815,0.8823864371040019,0.93026735309077,1.108335962622342,1.166434370375497,0.21635898126283623,0.2823697253983599
HCN,MLP,ephys_only,1000,-0.018690867438871557,0.0354572282520769,0.9020843091356368,0.951022755410523,1.135132724176959,1.194755827228914,0.1841383947852708,0.2494835730889705
HCN,SubclassRidge,subclass_only,1000,0.02532592131164083,0.054544005971426626,0.886677487776956,0.9345870822291431,1.120001013698724,1.175072332132199,0.13074950221689727,0.20749359286976696
HCN,XGBoost,ephys_only,1000,0.039853398900321635,0.07789804938341889,0.881491049279498,0.9290105157684995,1.1078730264295753,1.1628428589662436,0.21733365391792972,0.28402003357963757
Kv,Dummy,dummy,1000,-0.005478697777302472,-0.0006945251135312415,0.41084354267098977,0.4365734436632846,0.5338287005172612,0.5708280456351782,-0.08648471274004489,0.0017622603245684885
Kv,ElasticNet,ephys_only,1000,0.02895501598566788,0.06033574471083205,0.40012764625982006,0.4259642152212104,0.5210822485653062,0.5587104684043539,0.18242180233092437,0.2573853118587813
Kv,EphysSubclassRidge,ephys_plus_subclass,1000,0.0422562819051159,0.08659709363472999,0.39526203228018714,0.4211657632552606,0.5153625731480012,0.5511703479289054,0.22809052652534936,0.29849100562167913
Kv,MLP,ephys_only,1000,-0.02969955599879946,0.03681512273969178,0.4073062878792429,0.433216167059085,0.533349143870533,0.5712384573704306,0.19649799724888733,0.2662619994851433
Kv,SubclassRidge,subclass_only,1000,0.02411418085181049,0.057210346039021746,0.399984788650585,0.42667400575399883,0.5211015938800586,0.5593157778183624,0.14047817227650766,0.2183920512128471
Kv,XGBoost,ephys_only,1000,0.02825425908649252,0.06991655406435611,0.39624528424251665,0.42209008801629433,0.5203660837570915,0.5568694856711325,0.19726747005134082,0.2647816907697281
NaV,Dummy,dummy,1000,-0.006131187560571983,-0.0011804777767632727,0.6514961359210523,0.6897010343067881,0.8510783055163611,0.9029027603329407,-0.08519533330061384,-0.0016019247286666617
NaV,ElasticNet,ephys_only,1000,0.09746792719661344,0.14383237277002514,0.6156665968482368,0.6498146402560927,0.7977128128030624,0.8441321157597224,0.31877998915229705,0.3902480671436221
NaV,EphysSubclassRidge,ephys_plus_subclass,1000,0.10970786519327029,0.16180478656189304,0.6081063192777333,0.6434981208664019,0.7882366995870591,0.8382897216918025,0.3517313889121333,0.42056378248011994
NaV,MLP,ephys_only,1000,0.05822311491939455,0.12462222306437856,0.6281925633916642,0.6636075860161084,0.8091664475244976,0.8595737260719827,0.3224991016713193,0.39384316038790645
NaV,SubclassRidge,subclass_only,1000,0.0775316975400049,0.12421838889974482,0.6134368177584061,0.6499241741464814,0.8027539834366137,0.8531545772410647,0.25947546853590153,0.33656541500262477
NaV,XGBoost,ephys_only,1000,0.10020572823929932,0.15481522871236633,0.6098032708949966,0.6441937568026087,0.7926066239152088,0.8410992171176467,0.34354260888988314,0.41143836455640515
iGluR,Dummy,dummy,1000,-0.006014542847572024,2.0970196595467787e-06,0.7420066478074661,0.7932000637436826,0.9621754972885539,1.0429584937122338,-0.081130666944074,0.0440666221099844
iGluR,ElasticNet,ephys_only,1000,0.22531773027535146,0.28950937877430327,0.590262886240936,0.6342876793875465,0.8184590565092581,0.9026034692161478,0.5750266864859113,0.6265399562245806
iGluR,EphysSubclassRidge,ephys_plus_subclass,1000,0.30495256381232605,0.3772579597214611,0.5334925168174494,0.5788318429917122,0.765340270561071,0.8568635041201027,0.6428562275340752,0.6874592367038096
iGluR,MLP,ephys_only,1000,0.18810455163602283,0.2621669132111926,0.5958065758564813,0.6427967183088305,0.8373393031565383,0.9234233277206731,0.564472180002207,0.614072060156933
iGluR,SubclassRidge,subclass_only,1000,0.29045030419319195,0.36078064481449956,0.5380382060195272,0.5833713356178443,0.7772346966661264,0.8674301093903631,0.6105150726830164,0.6575055930850635
iGluR,XGBoost,ephys_only,1000,0.25976204327837865,0.3245542860587549,0.5579763753800637,0.6032924538508777,0.7983673782680313,0.8842583364272473,0.6076719603580735,0.6520189818058396
