module,model,n_cells,n_strata,n_permutations,seed,statistic,observed,null_exceedances,extreme_count,p_two_sided,p_value,null_mean,null_sd,test_type,no_refit,permutation_level,n_groups
NaV,ElasticNet,3410,6.0,5000,776553724,pooled_global_spearman,0.3549217114004486,0,0,0.0001999600079984,0.0001999600079984,0.2552237192920692,0.0102786684588446,truth labels permuted independently within each subclass; saved OOF; no refit,True,cell_subclass_stratified,
NaV,XGBoost,3410,6.0,5000,2113745225,pooled_global_spearman,0.3797500089180275,0,0,0.0001999600079984,0.0001999600079984,0.2521388383163031,0.0109105054183143,truth labels permuted independently within each subclass; saved OOF; no refit,True,cell_subclass_stratified,
NaV,MLP,3410,6.0,5000,1976016226,pooled_global_spearman,0.3460564339051663,0,0,0.0001999600079984,0.0001999600079984,0.2237519512177416,0.0123187753999085,truth labels permuted independently within each subclass; saved OOF; no refit,True,cell_subclass_stratified,
Kv,ElasticNet,3410,6.0,5000,2532155720,pooled_global_spearman,0.2209101335110783,0,0,0.0001999600079984,0.0001999600079984,0.1167626452117469,0.0127043916990681,truth labels permuted independently within each subclass; saved OOF; no refit,True,cell_subclass_stratified,
Kv,XGBoost,3410,6.0,5000,1079575805,pooled_global_spearman,0.2263873103696067,0,0,0.0001999600079984,0.0001999600079984,0.1093977928124826,0.0135608667386085,truth labels permuted independently within each subclass; saved OOF; no refit,True,cell_subclass_stratified,
Kv,MLP,3410,6.0,5000,3441738600,pooled_global_spearman,0.218504986452776,0,0,0.0001999600079984,0.0001999600079984,0.0950309436361343,0.0146383659862459,truth labels permuted independently within each subclass; saved OOF; no refit,True,cell_subclass_stratified,
CaV,ElasticNet,3410,6.0,5000,1033537586,pooled_global_spearman,0.3606502722237253,0,0,0.0001999600079984,0.0001999600079984,0.2937449841019238,0.0103257707695967,truth labels permuted independently within each subclass; saved OOF; no refit,True,cell_subclass_stratified,
CaV,XGBoost,3410,6.0,5000,2403898341,pooled_global_spearman,0.3948440616189685,0,0,0.0001999600079984,0.0001999600079984,0.2940414890046801,0.0108057835217245,truth labels permuted independently within each subclass; saved OOF; no refit,True,cell_subclass_stratified,
CaV,MLP,3410,6.0,5000,3283235727,pooled_global_spearman,0.3424139236453536,0,0,0.0001999600079984,0.0001999600079984,0.246262231460033,0.0126174482696512,truth labels permuted independently within each subclass; saved OOF; no refit,True,cell_subclass_stratified,
HCN,ElasticNet,3410,6.0,5000,667129323,pooled_global_spearman,0.2564793264880159,0,0,0.0001999600079984,0.0001999600079984,0.1614539834087634,0.0115623374026925,truth labels permuted independently within each subclass; saved OOF; no refit,True,cell_subclass_stratified,
HCN,XGBoost,3410,6.0,5000,3056859771,pooled_global_spearman,0.2484422201555091,0,0,0.0001999600079984,0.0001999600079984,0.1500682706175158,0.0125160254051557,truth labels permuted independently within each subclass; saved OOF; no refit,True,cell_subclass_stratified,
HCN,MLP,3410,6.0,5000,975133351,pooled_global_spearman,0.2211515089015223,0,0,0.0001999600079984,0.0001999600079984,0.1247795436528445,0.0142245802672672,truth labels permuted independently within each subclass; saved OOF; no refit,True,cell_subclass_stratified,
GABAA,ElasticNet,3410,6.0,5000,2072717685,pooled_global_spearman,0.527517902791634,0,0,0.0001999600079984,0.0001999600079984,0.2923972026581365,0.0116656931023236,truth labels permuted independently within each subclass; saved OOF; no refit,True,cell_subclass_stratified,
GABAA,XGBoost,3410,6.0,5000,1716766231,pooled_global_spearman,0.573611082040985,0,0,0.0001999600079984,0.0001999600079984,0.2999347303249374,0.0122237746091587,truth labels permuted independently within each subclass; saved OOF; no refit,True,cell_subclass_stratified,
GABAA,MLP,3410,6.0,5000,148579937,pooled_global_spearman,0.5668902929107884,0,0,0.0001999600079984,0.0001999600079984,0.2609784144363334,0.0132231534589258,truth labels permuted independently within each subclass; saved OOF; no refit,True,cell_subclass_stratified,
iGluR,ElasticNet,3410,6.0,5000,3915860391,pooled_global_spearman,0.6016288065520979,0,0,0.0001999600079984,0.0001999600079984,0.5507871940421305,0.0068870133311523,truth labels permuted independently within each subclass; saved OOF; no refit,True,cell_subclass_stratified,
iGluR,XGBoost,3410,6.0,5000,330886116,pooled_global_spearman,0.6306226817158139,0,0,0.0001999600079984,0.0001999600079984,0.5648906740481836,0.0067574480089592,truth labels permuted independently within each subclass; saved OOF; no refit,True,cell_subclass_stratified,
iGluR,MLP,3410,6.0,5000,1168117557,pooled_global_spearman,0.5823898816848708,0,0,0.0001999600079984,0.0001999600079984,0.5221553288188815,0.0079276562873707,truth labels permuted independently within each subclass; saved OOF; no refit,True,cell_subclass_stratified,
NaV,ElasticNet,3410,,5000,1514237729,donor_equal_weight_subclass_centered_spearman,0.2407258780683494,0,0,0.0001999600079984,0.0001999600079984,-0.0006342552186866,0.0341004684241138,donor truth residual means permuted across donors; saved OOF; no refit,True,donor_subclass_adjusted,871.0
NaV,XGBoost,3410,,5000,1629144553,donor_equal_weight_subclass_centered_spearman,0.2379554058486193,0,0,0.0001999600079984,0.0001999600079984,-0.000365218675803,0.0337332656152953,donor truth residual means permuted across donors; saved OOF; no refit,True,donor_subclass_adjusted,871.0
NaV,MLP,3410,,5000,2041033287,donor_equal_weight_subclass_centered_spearman,0.2446549526719697,0,0,0.0001999600079984,0.0001999600079984,-0.001241232453797,0.0342430286020828,donor truth residual means permuted across donors; saved OOF; no refit,True,donor_subclass_adjusted,871.0
Kv,ElasticNet,3410,,5000,551860809,donor_equal_weight_subclass_centered_spearman,0.1381986836556758,1,1,0.0003999200159968,0.0003999200159968,-0.0002693793946094,0.0344439252148442,donor truth residual means permuted across donors; saved OOF; no refit,True,donor_subclass_adjusted,871.0
Kv,XGBoost,3410,,5000,1295723273,donor_equal_weight_subclass_centered_spearman,0.1800281923311193,0,0,0.0001999600079984,0.0001999600079984,0.0006388746894103,0.0334304120259056,donor truth residual means permuted across donors; saved OOF; no refit,True,donor_subclass_adjusted,871.0
Kv,MLP,3410,,5000,2102607361,donor_equal_weight_subclass_centered_spearman,0.1923740143852804,0,0,0.0001999600079984,0.0001999600079984,0.0009753501322627,0.0337948535564045,donor truth residual means permuted across donors; saved OOF; no refit,True,donor_subclass_adjusted,871.0
CaV,ElasticNet,3410,,5000,3931826569,donor_equal_weight_subclass_centered_spearman,0.0917765527120681,32,32,0.0065986802639472,0.0065986802639472,0.0002299106722247,0.0344467399191952,donor truth residual means permuted across donors; saved OOF; no refit,True,donor_subclass_adjusted,871.0
CaV,XGBoost,3410,,5000,1789056909,donor_equal_weight_subclass_centered_spearman,0.1329377193559131,0,0,0.0001999600079984,0.0001999600079984,0.000153070853844,0.0339226795485067,donor truth residual means permuted across donors; saved OOF; no refit,True,donor_subclass_adjusted,871.0
CaV,MLP,3410,,5000,4231338735,donor_equal_weight_subclass_centered_spearman,0.1418767985686634,0,0,0.0001999600079984,0.0001999600079984,-0.000481266907862,0.0341733500730768,donor truth residual means permuted across donors; saved OOF; no refit,True,donor_subclass_adjusted,871.0
HCN,ElasticNet,3410,,5000,1457853095,donor_equal_weight_subclass_centered_spearman,0.1011935799302418,19,19,0.003999200159968,0.003999200159968,7.466832275728201e-05,0.0339531919345831,donor truth residual means permuted across donors; saved OOF; no refit,True,donor_subclass_adjusted,871.0
HCN,XGBoost,3410,,5000,2552857213,donor_equal_weight_subclass_centered_spearman,0.1160926022738947,1,1,0.0003999200159968,0.0003999200159968,0.0006934007130776,0.0332905113547219,donor truth residual means permuted across donors; saved OOF; no refit,True,donor_subclass_adjusted,871.0
HCN,MLP,3410,,5000,4034665657,donor_equal_weight_subclass_centered_spearman,0.1509643948826142,0,0,0.0001999600079984,0.0001999600079984,0.0002561382238547,0.0331976517899133,donor truth residual means permuted across donors; saved OOF; no refit,True,donor_subclass_adjusted,871.0
GABAA,ElasticNet,3410,,5000,2456647617,donor_equal_weight_subclass_centered_spearman,0.3289252518223134,0,0,0.0001999600079984,0.0001999600079984,8.243671889500002e-05,0.0334010737556949,donor truth residual means permuted across donors; saved OOF; no refit,True,donor_subclass_adjusted,871.0
GABAA,XGBoost,3410,,5000,14595158,donor_equal_weight_subclass_centered_spearman,0.3801522465786561,0,0,0.0001999600079984,0.0001999600079984,0.0001901879246601,0.0337378931427467,donor truth residual means permuted across donors; saved OOF; no refit,True,donor_subclass_adjusted,871.0
GABAA,MLP,3410,,5000,907004212,donor_equal_weight_subclass_centered_spearman,0.3855400618400708,0,0,0.0001999600079984,0.0001999600079984,-0.0005036368070822,0.0339494157460148,donor truth residual means permuted across donors; saved OOF; no refit,True,donor_subclass_adjusted,871.0
iGluR,ElasticNet,3410,,5000,711460210,donor_equal_weight_subclass_centered_spearman,0.1434017160201958,1,1,0.0003999200159968,0.0003999200159968,0.0004437543380849,0.034433561004431,donor truth residual means permuted across donors; saved OOF; no refit,True,donor_subclass_adjusted,871.0
iGluR,XGBoost,3410,,5000,784264000,donor_equal_weight_subclass_centered_spearman,0.2153196916640848,0,0,0.0001999600079984,0.0001999600079984,-4.610861565920184e-05,0.0337499931365656,donor truth residual means permuted across donors; saved OOF; no refit,True,donor_subclass_adjusted,871.0
iGluR,MLP,3410,,5000,1121111725,donor_equal_weight_subclass_centered_spearman,0.204473162622388,0,0,0.0001999600079984,0.0001999600079984,-0.0006644295593068,0.0333616118217986,donor truth residual means permuted across donors; saved OOF; no refit,True,donor_subclass_adjusted,871.0
