source_path,source_sha256,bytes,action
results/revision_v3/section2/attribution/concordance.csv,60839e540fd3afc8332a7b30438ee38af4837fc24adf2cedfc9eca7a38e976bb,886,verified_extract_or_byte_copy_no_refit
results/revision_v3/section2/attribution/en_grouped_coefficients.csv,14ab4941ed3e11956b807a7dbc1f576954eda54b71e0f0ed6317bb58bf0094ed,10160,verified_extract_or_byte_copy_no_refit
results/revision_v3/section2/attribution/feature_components.csv,4f140ded450f8d226e4b1bd017aa2199cdeee13bb9bf07c10fc199a2ceea21bf,1771,verified_extract_or_byte_copy_no_refit
results/revision_v3/section2/attribution/grouped_shap.parquet,adb969a1e1a002c3409927875f38eb9ad6934d55812609276c29f954226bfe2f,2676511,verified_extract_or_byte_copy_no_refit
results/revision_v3/section2/mlp/mlp_configuration.json,e8d58bce26c1dadc2d0987975bc31a1727ca3961e83dffedc564c47050c5bbda,849,verified_extract_or_byte_copy_no_refit
results/revision_v3/section2/permutations/cell_stratified.csv,264f15b4eee60c7174465749ef66be37808a65f42c69729ff59e440177dbbbb0,4653,verified_extract_or_byte_copy_no_refit
results/revision_v3/section2/permutations/donor_residual.csv,0d090bca915e3480131d2c363dcdd41fd8b0d0b6a3ad1367708c3f519c2e4c8f,5025,verified_extract_or_byte_copy_no_refit
results/revision_v3/section2/tables/pooled_metrics.csv,c04ac16c4cd54d29b4b19c78c6d18807c2bd060763146aa5aeecbd7003561943,4023,verified_extract_or_byte_copy_no_refit
results/revision_v3/specificity/target_correlations/raw_spearman.csv,66a20907659dc28b2ccd54c1a8f905693f8711f3d59ee272daf694fa825ffe3b,682,verified_extract_or_byte_copy_no_refit
results/revision_v3/specificity/target_correlations/subclass_centered_spearman.csv,8843487747d3c115b2d34a337b801a8cd083263016110b832d4160cff9a494ec,670,verified_extract_or_byte_copy_no_refit
results/revision_v3/specificity/target_correlations/technical_adjusted_spearman.csv,16b1d54fa98dd413fb46a4baee1ed16a2014bee7e0a8bd0c0cd2357d6e87cf6b,694,verified_extract_or_byte_copy_no_refit
results/robustness_v2/tables/module_loo_refit_performance.csv,920321fa56ecdcfdc9b2388152514003c381b8d785a7f01314a23b93353953c3,18239,verified_extract_or_byte_copy_no_refit
